<DATE>	<TIME>	<OPEN>	<HIGH>	<LOW>	<CLOSE>	<TICKVOL>	<VOL>	<SPREAD>
2026.07.01	01:00:00	3997.53	4012.27	3997.53	4011.38	562	0	107
2026.07.01	01:01:00	4011.38	4012.49	4011.10	4011.77	106	0	94
2026.07.01	01:02:00	4011.77	4014.77	4011.61	4013.97	93	0	35
2026.07.01	01:03:00	4014.10	4014.95	4013.06	4013.78	132	0	21
2026.07.01	01:04:00	4013.78	4014.65	4013.43	4013.83	85	0	29
2026.07.01	01:05:00	4014.00	4016.35	4013.92	4015.87	238	0	1
2026.07.01	01:06:00	4015.87	4016.10	4015.00	4015.49	130	0	0
2026.07.01	01:07:00	4015.49	4016.55	4015.21	4015.92	103	0	16
2026.07.01	01:08:00	4015.92	4016.64	4015.49	4015.62	151	0	0
2026.07.01	01:09:00	4015.49	4017.09	4015.49	4017.07	142	0	0
2026.07.01	01:10:00	4017.07	4017.51	4015.83	4016.18	187	0	0
2026.07.01	01:11:00	4016.18	4016.63	4015.34	4015.65	216	0	0
2026.07.01	01:12:00	4015.63	4016.82	4015.56	4016.05	141	0	0
2026.07.01	01:13:00	4016.05	4016.05	4013.80	4014.36	155	0	0
2026.07.01	01:14:00	4014.36	4014.79	4014.16	4014.59	132	0	0
2026.07.01	01:15:00	4014.59	4016.30	4014.54	4016.20	219	0	0
2026.07.01	01:16:00	4016.20	4016.51	4014.89	4014.95	232	0	0
2026.07.01	01:17:00	4014.95	4015.26	4013.63	4015.08	257	0	0
2026.07.01	01:18:00	4015.08	4015.41	4012.57	4013.59	202	0	0
2026.07.01	01:19:00	4013.59	4015.33	4013.59	4014.47	155	0	0
2026.07.01	01:20:00	4014.62	4014.69	4013.45	4013.77	207	0	2
2026.07.01	01:21:00	4013.77	4013.88	4012.04	4012.66	290	0	0
2026.07.01	01:22:00	4012.66	4013.45	4012.38	4013.33	153	0	0
2026.07.01	01:23:00	4013.33	4013.75	4012.49	4012.57	146	0	0
2026.07.01	01:24:00	4012.57	4013.59	4012.46	4013.14	236	0	0
2026.07.01	01:25:00	4013.15	4015.00	4012.91	4013.79	209	0	0
2026.07.01	01:26:00	4013.79	4014.00	4012.46	4012.78	169	0	0
2026.07.01	01:27:00	4012.79	4014.25	4012.60	4012.90	179	0	0
2026.07.01	01:28:00	4012.90	4013.46	4012.62	4013.04	215	0	0
2026.07.01	01:29:00	4013.04	4014.04	4012.72	4013.82	131	0	0
2026.07.01	01:30:00	4013.82	4013.82	4013.21	4013.61	107	0	0
2026.07.01	01:31:00	4013.61	4014.04	4013.57	4013.85	100	0	0
2026.07.01	01:32:00	4013.85	4015.16	4013.77	4014.61	186	0	0
2026.07.01	01:33:00	4014.61	4015.53	4014.61	4015.41	137	0	0
2026.07.01	01:34:00	4015.41	4015.64	4015.07	4015.25	141	0	0
2026.07.01	01:35:00	4015.22	4015.67	4014.95	4015.41	96	0	0
2026.07.01	01:36:00	4015.43	4015.60	4015.23	4015.46	72	0	0
2026.07.01	01:37:00	4015.46	4015.93	4015.42	4015.62	111	0	0
2026.07.01	01:38:00	4015.62	4016.40	4015.34	4015.50	123	0	0
2026.07.01	01:39:00	4015.50	4016.69	4015.37	4016.45	207	0	0
2026.07.01	01:40:00	4016.45	4017.96	4016.04	4017.43	281	0	0
2026.07.01	01:41:00	4017.48	4017.74	4016.87	4017.37	160	0	0
2026.07.01	01:42:00	4017.37	4017.37	4016.57	4016.80	72	0	0
2026.07.01	01:43:00	4016.80	4016.87	4015.91	4015.91	101	0	3
2026.07.01	01:44:00	4015.91	4015.93	4014.13	4014.14	219	0	0
2026.07.01	01:45:00	4014.13	4016.19	4013.84	4015.32	293	0	0
2026.07.01	01:46:00	4015.31	4015.81	4014.39	4014.60	238	0	0
2026.07.01	01:47:00	4014.60	4015.12	4013.24	4013.42	143	0	0
2026.07.01	01:48:00	4013.42	4013.83	4012.62	4012.80	136	0	0
2026.07.01	01:49:00	4012.80	4013.88	4012.64	4013.25	150	0	0
2026.07.01	01:50:00	4013.26	4013.33	4011.61	4012.02	207	0	0
2026.07.01	01:51:00	4011.98	4012.51	4011.84	4012.36	154	0	0
2026.07.01	01:52:00	4012.36	4012.65	4012.16	4012.28	101	0	5
2026.07.01	01:53:00	4012.28	4012.28	4011.10	4011.10	150	0	0
2026.07.01	01:54:00	4011.10	4011.90	4011.09	4011.77	119	0	0
2026.07.01	01:55:00	4011.77	4012.70	4011.77	4012.55	115	0	0
2026.07.01	01:56:00	4012.55	4012.61	4012.11	4012.42	124	0	7
2026.07.01	01:57:00	4012.44	4012.85	4012.06	4012.58	152	0	0
2026.07.01	01:58:00	4012.58	4012.99	4012.07	4012.34	113	0	0
2026.07.01	01:59:00	4012.34	4013.14	4012.23	4013.14	121	0	4
2026.07.01	02:00:00	4013.14	4013.57	4011.13	4011.16	230	0	0
2026.07.01	02:01:00	4011.14	4012.49	4011.01	4011.20	188	0	0
2026.07.01	02:02:00	4011.20	4013.23	4011.18	4013.23	221	0	0
2026.07.01	02:03:00	4013.23	4013.43	4011.55	4011.83	195	0	0
2026.07.01	02:04:00	4011.83	4013.44	4011.78	4012.76	188	0	0
2026.07.01	02:05:00	4012.78	4015.31	4012.60	4014.71	201	0	0
2026.07.01	02:06:00	4014.71	4017.69	4014.71	4017.01	288	0	0
2026.07.01	02:07:00	4017.01	4018.55	4015.57	4018.33	294	0	0
2026.07.01	02:08:00	4018.33	4018.51	4016.87	4018.20	257	0	0
2026.07.01	02:09:00	4018.20	4018.45	4017.17	4017.57	238	0	0
2026.07.01	02:10:00	4017.60	4018.06	4016.93	4016.98	196	0	0
2026.07.01	02:11:00	4016.98	4017.35	4015.13	4015.52	224	0	0
2026.07.01	02:12:00	4015.54	4016.18	4015.48	4015.93	124	0	3
2026.07.01	02:13:00	4015.92	4016.28	4014.63	4014.64	187	0	0
2026.07.01	02:14:00	4014.64	4014.86	4014.06	4014.21	137	0	0
2026.07.01	02:15:00	4014.21	4015.39	4014.20	4015.03	159	0	0
2026.07.01	02:16:00	4015.05	4015.05	4014.36	4015.01	104	0	0
2026.07.01	02:17:00	4015.03	4015.15	4014.15	4014.35	105	0	0
2026.07.01	02:18:00	4014.35	4014.44	4013.46	4013.46	92	0	0
2026.07.01	02:19:00	4013.46	4013.92	4012.27	4012.31	119	0	0
2026.07.01	02:20:00	4012.31	4012.31	4010.16	4010.32	212	0	0
2026.07.01	02:21:00	4010.32	4010.84	4009.07	4009.29	211	0	0
2026.07.01	02:22:00	4009.29	4010.85	4008.45	4010.70	238	0	0
2026.07.01	02:23:00	4010.70	4011.12	4009.84	4010.71	240	0	0
2026.07.01	02:24:00	4010.71	4010.75	4009.54	4010.09	127	0	0
2026.07.01	02:25:00	4010.09	4010.09	4009.17	4009.57	136	0	0
2026.07.01	02:26:00	4009.57	4009.57	4008.14	4008.60	177	0	0
2026.07.01	02:27:00	4008.60	4010.40	4008.48	4009.88	197	0	0
2026.07.01	02:28:00	4009.88	4010.75	4009.86	4010.35	147	0	0
2026.07.01	02:29:00	4010.37	4011.58	4010.16	4011.00	200	0	0
2026.07.01	02:30:00	4011.00	4012.59	4010.80	4011.28	193	0	0
2026.07.01	02:31:00	4011.28	4012.22	4009.47	4009.61	215	0	0
2026.07.01	02:32:00	4009.61	4011.32	4009.61	4010.53	182	0	0
2026.07.01	02:33:00	4010.53	4011.86	4010.50	4011.65	122	0	0
2026.07.01	02:34:00	4011.65	4011.72	4011.04	4011.65	168	0	0
2026.07.01	02:35:00	4011.64	4011.67	4009.44	4009.64	187	0	0
2026.07.01	02:36:00	4009.64	4009.70	4008.98	4009.61	167	0	6
2026.07.01	02:37:00	4009.61	4010.82	4008.79	4010.51	173	0	0
2026.07.01	02:38:00	4010.51	4011.00	4010.35	4010.55	166	0	0
2026.07.01	02:39:00	4010.55	4010.77	4010.31	4010.44	144	0	0
2026.07.01	02:40:00	4010.44	4010.48	4009.47	4009.47	112	0	0
2026.07.01	02:41:00	4009.48	4010.37	4009.46	4010.00	133	0	0
2026.07.01	02:42:00	4009.99	4010.08	4009.10	4009.54	113	0	0
2026.07.01	02:43:00	4009.54	4010.59	4009.53	4010.43	156	0	0
2026.07.01	02:44:00	4010.43	4010.43	4009.32	4009.39	131	0	0
2026.07.01	02:45:00	4009.39	4010.17	4008.50	4008.68	209	0	0
2026.07.01	02:46:00	4008.68	4008.74	4006.66	4008.32	304	0	0
2026.07.01	02:47:00	4008.35	4009.40	4007.27	4008.24	219	0	0
2026.07.01	02:48:00	4008.24	4008.24	4006.85	4007.04	217	0	0
2026.07.01	02:49:00	4007.04	4007.99	4007.04	4007.33	170	0	0
2026.07.01	02:50:00	4007.33	4008.13	4005.90	4006.52	251	0	0
2026.07.01	02:51:00	4006.53	4008.57	4006.29	4008.52	179	0	0
2026.07.01	02:52:00	4008.54	4008.62	4006.58	4006.91	197	0	0
2026.07.01	02:53:00	4006.96	4007.93	4006.70	4007.51	229	0	0
2026.07.01	02:54:00	4007.51	4008.02	4007.25	4007.38	189	0	0
2026.07.01	02:55:00	4007.38	4007.40	4006.17	4006.19	173	0	0
2026.07.01	02:56:00	4006.27	4006.50	4005.82	4006.10	230	0	0
2026.07.01	02:57:00	4006.10	4006.20	4005.38	4005.52	205	0	0
2026.07.01	02:58:00	4005.52	4006.50	4005.44	4006.40	175	0	0
2026.07.01	02:59:00	4006.40	4006.61	4005.73	4005.77	210	0	0
2026.07.01	03:00:00	4005.77	4007.92	4005.70	4007.83	299	0	0
2026.07.01	03:01:00	4007.83	4007.84	4005.97	4006.39	233	0	2
2026.07.01	03:02:00	4006.39	4007.07	4005.51	4005.72	233	0	0
2026.07.01	03:03:00	4005.72	4008.09	4005.72	4007.94	246	0	3
2026.07.01	03:04:00	4007.94	4007.98	4006.92	4006.99	209	0	14
2026.07.01	03:05:00	4006.99	4007.02	4005.75	4006.07	243	0	0
2026.07.01	03:06:00	4006.07	4006.83	4005.99	4006.29	250	0	17
2026.07.01	03:07:00	4006.29	4006.51	4005.92	4006.06	206	0	16
2026.07.01	03:08:00	4006.06	4007.05	4005.85	4007.04	243	0	0
2026.07.01	03:09:00	4007.06	4007.99	4006.87	4007.52	211	0	7
2026.07.01	03:10:00	4007.61	4008.58	4007.12	4008.38	240	0	0
2026.07.01	03:11:00	4008.38	4009.59	4008.16	4008.29	250	0	0
2026.07.01	03:12:00	4008.29	4009.27	4008.23	4008.77	203	0	0
2026.07.01	03:13:00	4008.77	4009.86	4008.26	4009.47	233	0	0
2026.07.01	03:14:00	4009.46	4009.76	4008.26	4008.47	220	0	17
2026.07.01	03:15:00	4008.47	4009.18	4006.80	4006.87	338	0	0
2026.07.01	03:16:00	4006.87	4008.11	4006.38	4007.65	322	0	0
2026.07.01	03:17:00	4007.63	4007.81	4006.32	4006.32	275	0	0
2026.07.01	03:18:00	4006.32	4006.49	4005.72	4005.72	280	0	0
2026.07.01	03:19:00	4005.72	4006.01	4001.69	4002.39	447	0	0
2026.07.01	03:20:00	4002.52	4005.11	4001.52	4004.87	364	0	0
2026.07.01	03:21:00	4004.85	4006.63	4004.46	4005.72	318	0	0
2026.07.01	03:22:00	4005.72	4005.79	4003.81	4004.07	356	0	0
2026.07.01	03:23:00	4004.07	4004.63	4002.39	4003.37	365	0	0
2026.07.01	03:24:00	4003.37	4005.36	4003.22	4005.27	313	0	0
2026.07.01	03:25:00	4005.39	4006.53	4004.85	4005.26	343	0	0
2026.07.01	03:26:00	4005.32	4005.60	4001.91	4001.96	289	0	0
2026.07.01	03:27:00	4001.96	4002.80	4001.65	4002.80	217	0	0
2026.07.01	03:28:00	4002.80	4003.25	4002.15	4002.81	221	0	0
2026.07.01	03:29:00	4002.84	4003.14	4001.26	4001.89	322	0	0
2026.07.01	03:30:00	4001.89	4002.93	4000.70	4001.33	319	0	0
2026.07.01	03:31:00	4001.33	4002.50	4001.15	4002.49	252	0	0
2026.07.01	03:32:00	4002.49	4003.11	4001.36	4002.98	233	0	0
2026.07.01	03:33:00	4002.98	4003.89	4002.19	4003.57	225	0	0
2026.07.01	03:34:00	4003.55	4005.80	4002.76	4003.33	427	0	0
2026.07.01	03:35:00	4003.33	4004.39	4003.30	4003.90	262	0	0
2026.07.01	03:36:00	4003.90	4004.73	4003.19	4003.32	278	0	0
2026.07.01	03:37:00	4003.32	4003.38	4002.12	4002.95	229	0	0
2026.07.01	03:38:00	4002.95	4003.33	4002.24	4002.36	254	0	0
2026.07.01	03:39:00	4002.36	4002.84	4000.96	4001.09	275	0	0
2026.07.01	03:40:00	4001.09	4001.29	4000.42	4000.88	353	0	0
2026.07.01	03:41:00	4000.90	4001.09	3996.62	3997.25	561	0	0
2026.07.01	03:42:00	3997.23	3998.09	3996.02	3997.31	354	0	0
2026.07.01	03:43:00	3997.27	3997.88	3996.25	3996.79	332	0	0
2026.07.01	03:44:00	3996.79	3997.74	3996.24	3996.36	326	0	0
2026.07.01	03:45:00	3996.36	3997.01	3995.68	3996.25	377	0	0
2026.07.01	03:46:00	3996.25	3996.97	3996.23	3996.50	246	0	0
2026.07.01	03:47:00	3996.50	3997.44	3996.10	3997.23	206	0	0
2026.07.01	03:48:00	3997.22	3997.47	3996.14	3996.39	282	0	0
2026.07.01	03:49:00	3996.39	3996.54	3995.06	3995.73	330	0	0
2026.07.01	03:50:00	3995.76	3997.03	3995.63	3996.97	343	0	0
2026.07.01	03:51:00	3996.97	3998.56	3996.77	3998.07	298	0	0
2026.07.01	03:52:00	3998.07	3998.07	3995.95	3996.16	285	0	0
2026.07.01	03:53:00	3996.16	3996.53	3995.64	3995.85	406	0	0
2026.07.01	03:54:00	3995.85	3996.12	3993.02	3993.96	489	0	0
2026.07.01	03:55:00	3993.96	3997.68	3993.74	3997.42	330	0	0
2026.07.01	03:56:00	3997.42	3997.58	3995.92	3996.83	276	0	0
2026.07.01	03:57:00	3996.87	3999.47	3996.87	3998.67	395	0	0
2026.07.01	03:58:00	3998.67	3998.90	3996.67	3996.87	314	0	0
2026.07.01	03:59:00	3996.87	3997.74	3996.36	3996.74	340	0	0
2026.07.01	04:00:00	3996.76	3999.81	3994.71	3996.72	778	0	0
2026.07.01	04:01:00	3996.72	3997.85	3994.41	3996.65	514	0	0
2026.07.01	04:02:00	3996.65	3996.65	3990.35	3992.27	753	0	0
2026.07.01	04:03:00	3992.27	3994.04	3990.90	3992.33	605	0	0
2026.07.01	04:04:00	3992.41	3992.48	3990.11	3990.36	551	0	0
2026.07.01	04:05:00	3990.36	3990.38	3984.62	3987.30	960	0	0
2026.07.01	04:06:00	3987.30	3988.09	3985.68	3987.56	478	0	0
2026.07.01	04:07:00	3987.56	3989.97	3987.16	3988.37	452	0	0
2026.07.01	04:08:00	3988.37	3988.37	3982.81	3984.78	703	0	0
2026.07.01	04:09:00	3984.78	3985.71	3983.90	3985.32	444	0	0
2026.07.01	04:10:00	3985.00	3985.42	3978.79	3981.21	725	0	0
2026.07.01	04:11:00	3981.21	3983.87	3981.19	3983.63	515	0	0
2026.07.01	04:12:00	3983.63	3983.63	3980.67	3981.41	463	0	0
2026.07.01	04:13:00	3981.39	3984.13	3980.83	3984.11	380	0	0
2026.07.01	04:14:00	3984.11	3984.84	3982.13	3984.56	427	0	0
2026.07.01	04:15:00	3984.56	3984.77	3982.30	3983.05	593	0	0
2026.07.01	04:16:00	3983.11	3983.46	3979.53	3980.29	475	0	0
2026.07.01	04:17:00	3980.29	3980.72	3975.75	3976.89	668	0	0
2026.07.01	04:18:00	3976.92	3978.72	3975.65	3978.70	523	0	0
2026.07.01	04:19:00	3978.70	3981.92	3978.64	3981.52	430	0	0
2026.07.01	04:20:00	3981.52	3983.50	3980.96	3982.46	380	0	0
2026.07.01	04:21:00	3982.46	3984.89	3982.28	3983.48	567	0	0
2026.07.01	04:22:00	3983.46	3985.28	3983.17	3983.92	409	0	0
2026.07.01	04:23:00	3983.92	3985.95	3983.52	3985.85	367	0	0
2026.07.01	04:24:00	3985.85	3985.90	3983.18	3983.43	342	0	0
2026.07.01	04:25:00	3983.43	3985.50	3983.28	3984.00	308	0	0
2026.07.01	04:26:00	3984.00	3984.99	3982.82	3983.06	362	0	0
2026.07.01	04:27:00	3983.05	3983.53	3982.11	3982.79	324	0	0
2026.07.01	04:28:00	3982.79	3984.15	3981.79	3983.80	352	0	0
2026.07.01	04:29:00	3983.80	3986.06	3983.60	3985.80	313	0	0
2026.07.01	04:30:00	3985.85	3988.62	3985.27	3986.86	427	0	0
2026.07.01	04:31:00	3986.87	3986.87	3983.00	3983.68	379	0	0
2026.07.01	04:32:00	3983.68	3984.86	3983.06	3983.16	333	0	0
2026.07.01	04:33:00	3983.16	3983.16	3977.41	3977.82	552	0	0
2026.07.01	04:34:00	3977.82	3979.92	3976.44	3979.52	765	0	0
2026.07.01	04:35:00	3979.54	3980.70	3978.11	3979.90	541	0	0
2026.07.01	04:36:00	3979.90	3980.91	3978.55	3979.72	670	0	0
2026.07.01	04:37:00	3979.70	3980.21	3977.94	3978.92	557	0	0
2026.07.01	04:38:00	3978.92	3980.43	3977.92	3979.62	532	0	0
2026.07.01	04:39:00	3979.62	3980.37	3975.85	3975.85	553	0	0
2026.07.01	04:40:00	3975.85	3977.69	3975.42	3977.64	445	0	0
2026.07.01	04:41:00	3977.64	3978.19	3975.51	3975.66	390	0	0
2026.07.01	04:42:00	3975.66	3978.03	3975.59	3976.99	331	0	0
2026.07.01	04:43:00	3976.99	3979.28	3976.91	3979.14	304	0	0
2026.07.01	04:44:00	3979.14	3980.20	3977.64	3978.92	302	0	0
2026.07.01	04:45:00	3978.92	3980.92	3978.88	3979.69	291	0	0
2026.07.01	04:46:00	3979.69	3980.75	3978.54	3980.71	306	0	0
2026.07.01	04:47:00	3980.71	3982.10	3978.41	3978.68	376	0	0
2026.07.01	04:48:00	3978.66	3978.66	3974.38	3975.60	762	0	0
2026.07.01	04:49:00	3975.60	3979.27	3975.50	3979.02	602	0	0
2026.07.01	04:50:00	3979.02	3980.24	3978.52	3979.57	484	0	0
2026.07.01	04:51:00	3979.57	3980.13	3977.21	3978.09	380	0	0
2026.07.01	04:52:00	3978.09	3979.07	3974.97	3975.45	467	0	0
2026.07.01	04:53:00	3975.45	3976.56	3973.81	3975.87	449	0	0
2026.07.01	04:54:00	3976.09	3976.33	3974.10	3976.33	336	0	0
2026.07.01	04:55:00	3976.30	3976.76	3975.44	3975.76	307	0	0
2026.07.01	04:56:00	3975.79	3979.17	3975.76	3978.63	311	0	0
2026.07.01	04:57:00	3978.63	3978.63	3976.96	3977.45	303	0	0
2026.07.01	04:58:00	3977.45	3978.11	3976.63	3977.75	366	0	0
2026.07.01	04:59:00	3977.75	3978.15	3976.76	3977.79	340	0	0
2026.07.01	05:00:00	3977.77	3979.78	3976.08	3977.84	461	0	0
2026.07.01	05:01:00	3977.82	3977.82	3976.16	3976.16	384	0	0
2026.07.01	05:02:00	3976.18	3977.42	3975.55	3976.88	421	0	0
2026.07.01	05:03:00	3976.88	3977.34	3976.22	3977.13	329	0	0
2026.07.01	05:04:00	3977.13	3977.17	3974.41	3974.76	382	0	0
2026.07.01	05:05:00	3974.76	3974.96	3970.38	3970.86	523	0	0
2026.07.01	05:06:00	3970.86	3973.05	3970.22	3972.05	471	0	0
2026.07.01	05:07:00	3972.05	3973.49	3971.53	3971.83	368	0	0
2026.07.01	05:08:00	3971.83	3972.35	3970.42	3971.18	350	0	0
2026.07.01	05:09:00	3971.18	3973.17	3970.98	3972.55	458	0	0
2026.07.01	05:10:00	3972.54	3973.32	3971.86	3973.00	388	0	0
2026.07.01	05:11:00	3973.00	3973.69	3972.44	3972.87	389	0	0
2026.07.01	05:12:00	3972.87	3974.09	3972.33	3974.09	305	0	0
2026.07.01	05:13:00	3974.09	3976.82	3973.91	3976.34	399	0	0
2026.07.01	05:14:00	3976.36	3977.07	3975.78	3976.37	411	0	0
2026.07.01	05:15:00	3976.37	3978.31	3975.78	3977.99	400	0	0
2026.07.01	05:16:00	3977.90	3978.49	3976.67	3976.87	310	0	0
2026.07.01	05:17:00	3976.87	3978.33	3976.14	3978.19	314	0	0
2026.07.01	05:18:00	3978.17	3978.32	3977.61	3977.95	285	0	0
2026.07.01	05:19:00	3977.95	3980.56	3977.62	3980.56	369	0	0
2026.07.01	05:20:00	3980.56	3981.26	3979.67	3979.98	301	0	0
2026.07.01	05:21:00	3979.98	3980.96	3979.91	3980.47	218	0	0
2026.07.01	05:22:00	3980.47	3981.79	3980.40	3981.43	193	0	0
2026.07.01	05:23:00	3981.43	3981.77	3980.81	3980.81	217	0	0
2026.07.01	05:24:00	3980.81	3981.66	3980.36	3981.50	223	0	0
2026.07.01	05:25:00	3981.50	3982.47	3980.81	3980.97	235	0	0
2026.07.01	05:26:00	3980.97	3981.94	3980.60	3981.30	203	0	0
2026.07.01	05:27:00	3981.30	3981.30	3980.01	3980.44	234	0	0
2026.07.01	05:28:00	3980.44	3981.49	3980.19	3981.25	255	0	0
2026.07.01	05:29:00	3981.25	3981.92	3980.85	3980.85	211	0	0
2026.07.01	05:30:00	3980.84	3983.96	3978.94	3983.87	640	0	0
2026.07.01	05:31:00	3983.87	3984.24	3982.64	3983.07	317	0	0
2026.07.01	05:32:00	3983.04	3984.85	3982.85	3982.85	388	0	0
2026.07.01	05:33:00	3982.85	3983.58	3981.89	3983.58	344	0	0
2026.07.01	05:34:00	3983.58	3984.22	3981.66	3981.74	359	0	2
2026.07.01	05:35:00	3981.80	3983.55	3981.78	3983.40	316	0	0
2026.07.01	05:36:00	3983.40	3986.08	3983.22	3985.70	325	0	0
2026.07.01	05:37:00	3985.69	3985.98	3985.12	3985.67	347	0	0
2026.07.01	05:38:00	3985.69	3985.69	3983.89	3984.71	325	0	0
2026.07.01	05:39:00	3984.71	3984.81	3983.74	3983.94	304	0	0
2026.07.01	05:40:00	3983.94	3984.33	3982.61	3982.61	359	0	0
2026.07.01	05:41:00	3982.61	3983.75	3980.97	3981.34	278	0	0
2026.07.01	05:42:00	3981.30	3982.78	3981.06	3982.63	357	0	0
2026.07.01	05:43:00	3982.62	3983.47	3981.92	3983.07	312	0	0
2026.07.01	05:44:00	3983.07	3983.23	3982.06	3982.92	340	0	3
2026.07.01	05:45:00	3983.08	3985.04	3983.03	3984.74	340	0	0
2026.07.01	05:46:00	3984.77	3985.36	3982.72	3983.08	323	0	0
2026.07.01	05:47:00	3983.07	3983.69	3982.42	3982.94	316	0	0
2026.07.01	05:48:00	3982.94	3983.30	3982.12	3982.89	270	0	0
2026.07.01	05:49:00	3982.91	3983.21	3981.94	3981.98	262	0	0
2026.07.01	05:50:00	3982.00	3984.25	3982.00	3984.21	289	0	0
2026.07.01	05:51:00	3984.21	3985.28	3983.39	3983.46	280	0	0
2026.07.01	05:52:00	3983.48	3983.50	3980.42	3981.06	365	0	0
2026.07.01	05:53:00	3981.06	3981.47	3980.38	3981.02	312	0	0
2026.07.01	05:54:00	3981.02	3981.23	3979.84	3980.26	355	0	0
2026.07.01	05:55:00	3980.22	3980.96	3979.85	3980.46	252	0	0
2026.07.01	05:56:00	3980.46	3980.97	3979.79	3980.97	307	0	0
2026.07.01	05:57:00	3980.97	3981.33	3979.23	3979.59	293	0	0
2026.07.01	05:58:00	3979.59	3979.82	3978.49	3978.90	273	0	0
2026.07.01	05:59:00	3978.90	3980.00	3978.57	3979.23	275	0	0
2026.07.01	06:00:00	3979.23	3980.71	3978.52	3980.23	305	0	0
2026.07.01	06:01:00	3980.22	3980.34	3979.07	3979.39	304	0	0
2026.07.01	06:02:00	3979.39	3980.69	3979.02	3980.69	227	0	0
2026.07.01	06:03:00	3980.69	3982.67	3980.52	3981.31	335	0	0
2026.07.01	06:04:00	3981.31	3982.35	3981.19	3981.81	353	0	0
2026.07.01	06:05:00	3981.81	3982.97	3980.87	3982.44	360	0	0
2026.07.01	06:06:00	3982.45	3984.74	3982.42	3983.44	268	0	0
2026.07.01	06:07:00	3983.44	3983.71	3982.72	3983.32	288	0	0
2026.07.01	06:08:00	3983.32	3984.99	3982.94	3984.83	274	0	0
2026.07.01	06:09:00	3984.83	3984.99	3984.32	3984.96	235	0	0
2026.07.01	06:10:00	3984.96	3985.56	3984.01	3984.25	337	0	0
2026.07.01	06:11:00	3984.25	3984.97	3984.12	3984.87	271	0	0
2026.07.01	06:12:00	3984.86	3984.96	3984.14	3984.20	235	0	4
2026.07.01	06:13:00	3984.20	3984.56	3983.68	3984.22	209	0	0
2026.07.01	06:14:00	3984.22	3984.38	3983.30	3983.44	215	0	0
2026.07.01	06:15:00	3983.44	3984.66	3983.33	3984.50	256	0	0
2026.07.01	06:16:00	3984.50	3987.05	3984.12	3986.24	329	0	0
2026.07.01	06:17:00	3986.19	3987.08	3985.38	3985.45	254	0	0
2026.07.01	06:18:00	3985.46	3985.46	3983.95	3984.39	230	0	0
2026.07.01	06:19:00	3984.39	3985.13	3983.79	3983.87	206	0	0
2026.07.01	06:20:00	3983.87	3983.95	3983.09	3983.45	230	0	0
2026.07.01	06:21:00	3983.45	3983.52	3980.85	3981.18	297	0	0
2026.07.01	06:22:00	3981.18	3982.54	3980.78	3982.39	309	0	0
2026.07.01	06:23:00	3982.39	3983.74	3982.31	3982.88	237	0	0
2026.07.01	06:24:00	3982.88	3983.12	3982.33	3982.69	252	0	0
2026.07.01	06:25:00	3982.69	3983.07	3981.58	3982.36	293	0	0
2026.07.01	06:26:00	3982.36	3982.59	3980.81	3982.05	258	0	0
2026.07.01	06:27:00	3982.06	3982.10	3980.22	3980.56	227	0	0
2026.07.01	06:28:00	3980.56	3981.14	3980.37	3980.63	183	0	0
2026.07.01	06:29:00	3980.63	3981.51	3980.22	3981.39	292	0	0
2026.07.01	06:30:00	3981.41	3981.69	3979.83	3980.46	259	0	0
2026.07.01	06:31:00	3980.46	3980.46	3978.35	3979.36	292	0	0
2026.07.01	06:32:00	3979.36	3979.36	3977.54	3977.63	191	0	0
2026.07.01	06:33:00	3977.63	3978.57	3977.32	3977.83	326	0	0
2026.07.01	06:34:00	3977.84	3978.00	3976.85	3976.99	295	0	0
2026.07.01	06:35:00	3976.99	3978.71	3976.96	3978.59	254	0	0
2026.07.01	06:36:00	3978.59	3978.78	3977.67	3978.60	302	0	0
2026.07.01	06:37:00	3978.60	3980.48	3978.59	3979.73	210	0	0
2026.07.01	06:38:00	3979.71	3980.59	3979.08	3980.09	251	0	0
2026.07.01	06:39:00	3980.09	3981.37	3979.65	3981.32	200	0	0
2026.07.01	06:40:00	3981.32	3982.23	3980.91	3981.87	197	0	0
2026.07.01	06:41:00	3981.86	3982.19	3981.28	3981.60	210	0	0
2026.07.01	06:42:00	3981.60	3981.62	3977.96	3978.24	209	0	0
2026.07.01	06:43:00	3978.24	3979.43	3978.01	3979.07	195	0	0
2026.07.01	06:44:00	3979.07	3979.13	3977.54	3977.54	199	0	0
2026.07.01	06:45:00	3977.54	3978.80	3977.34	3978.40	203	0	0
2026.07.01	06:46:00	3978.39	3979.51	3978.39	3979.42	206	0	0
2026.07.01	06:47:00	3979.40	3979.48	3977.53	3977.53	222	0	0
2026.07.01	06:48:00	3977.50	3979.11	3977.33	3977.83	209	0	0
2026.07.01	06:49:00	3977.83	3978.00	3976.73	3977.64	196	0	0
2026.07.01	06:50:00	3977.64	3977.99	3977.27	3977.96	184	0	0
2026.07.01	06:51:00	3977.96	3978.58	3977.54	3978.50	210	0	0
2026.07.01	06:52:00	3978.48	3978.76	3977.70	3977.78	160	0	0
2026.07.01	06:53:00	3977.77	3978.02	3977.60	3977.65	103	0	9
2026.07.01	06:54:00	3977.65	3978.23	3977.15	3977.82	143	0	0
2026.07.01	06:55:00	3977.82	3978.79	3977.59	3978.60	164	0	0
2026.07.01	06:56:00	3978.60	3979.24	3978.24	3979.10	171	0	0
2026.07.01	06:57:00	3979.10	3979.62	3979.01	3979.53	146	0	0
2026.07.01	06:58:00	3979.51	3980.25	3979.33	3980.12	156	0	0
2026.07.01	06:59:00	3980.11	3980.56	3980.06	3980.51	222	0	0
2026.07.01	07:00:00	3980.49	3981.07	3979.59	3979.60	289	0	0
2026.07.01	07:01:00	3979.60	3979.88	3977.73	3977.92	206	0	0
2026.07.01	07:02:00	3977.92	3978.38	3975.58	3975.80	259	0	0
2026.07.01	07:03:00	3975.80	3976.03	3975.05	3975.74	298	0	0
2026.07.01	07:04:00	3975.74	3976.16	3975.43	3975.90	185	0	0
2026.07.01	07:05:00	3975.84	3977.54	3975.44	3977.08	300	0	0
2026.07.01	07:06:00	3977.08	3977.17	3976.15	3976.23	200	0	0
2026.07.01	07:07:00	3976.23	3977.04	3976.03	3976.79	195	0	0
2026.07.01	07:08:00	3976.79	3977.09	3976.62	3976.62	165	0	4
2026.07.01	07:09:00	3976.62	3976.87	3975.52	3975.59	230	0	0
2026.07.01	07:10:00	3975.59	3975.68	3974.12	3974.33	309	0	0
2026.07.01	07:11:00	3974.33	3975.12	3974.33	3974.98	207	0	0
2026.07.01	07:12:00	3974.98	3975.94	3974.78	3975.94	236	0	0
2026.07.01	07:13:00	3975.94	3976.76	3975.52	3976.27	208	0	0
2026.07.01	07:14:00	3976.27	3976.50	3975.40	3976.33	170	0	0
2026.07.01	07:15:00	3976.32	3976.33	3975.62	3976.24	180	0	0
2026.07.01	07:16:00	3976.24	3976.88	3976.14	3976.29	186	0	0
2026.07.01	07:17:00	3976.28	3976.31	3974.37	3975.39	204	0	0
2026.07.01	07:18:00	3975.42	3975.54	3974.83	3975.40	194	0	0
2026.07.01	07:19:00	3975.40	3976.35	3975.35	3976.14	174	0	0
2026.07.01	07:20:00	3976.14	3976.25	3975.14	3976.02	181	0	0
2026.07.01	07:21:00	3976.02	3976.56	3975.61	3976.35	148	0	0
2026.07.01	07:22:00	3976.35	3976.63	3975.78	3976.44	214	0	0
2026.07.01	07:23:00	3976.44	3977.14	3975.98	3976.72	201	0	0
2026.07.01	07:24:00	3976.72	3977.14	3976.14	3976.79	192	0	0
2026.07.01	07:25:00	3976.79	3977.15	3976.29	3977.06	199	0	2
2026.07.01	07:26:00	3977.05	3977.83	3976.83	3977.71	192	0	0
2026.07.01	07:27:00	3977.71	3978.02	3977.14	3977.92	172	0	0
2026.07.01	07:28:00	3977.92	3978.03	3977.68	3977.72	197	0	3
2026.07.01	07:29:00	3977.73	3977.78	3976.97	3977.58	181	0	0
2026.07.01	07:30:00	3977.58	3978.65	3977.38	3978.55	415	0	0
2026.07.01	07:31:00	3978.55	3980.84	3978.53	3980.70	279	0	0
2026.07.01	07:32:00	3980.70	3980.70	3979.06	3979.63	207	0	0
2026.07.01	07:33:00	3979.63	3979.67	3977.75	3978.08	209	0	0
2026.07.01	07:34:00	3978.08	3978.62	3977.75	3977.78	152	0	0
2026.07.01	07:35:00	3977.78	3978.27	3977.47	3977.72	228	0	0
2026.07.01	07:36:00	3977.70	3977.70	3974.98	3975.72	242	0	0
2026.07.01	07:37:00	3975.72	3976.42	3975.31	3976.41	149	0	0
2026.07.01	07:38:00	3976.41	3976.56	3974.17	3974.61	231	0	0
2026.07.01	07:39:00	3974.61	3974.71	3973.88	3974.43	201	0	0
2026.07.01	07:40:00	3974.43	3974.63	3973.67	3974.59	177	0	0
2026.07.01	07:41:00	3974.59	3974.91	3973.54	3973.63	184	0	0
2026.07.01	07:42:00	3973.63	3974.05	3972.46	3973.99	310	0	0
2026.07.01	07:43:00	3973.99	3974.78	3973.98	3974.44	247	0	0
2026.07.01	07:44:00	3974.45	3974.90	3973.58	3974.61	216	0	0
2026.07.01	07:45:00	3974.60	3975.50	3974.36	3974.78	211	0	0
2026.07.01	07:46:00	3974.78	3976.25	3974.35	3975.61	244	0	0
2026.07.01	07:47:00	3975.61	3977.23	3975.21	3976.91	172	0	0
2026.07.01	07:48:00	3976.91	3979.15	3976.66	3979.01	229	0	0
2026.07.01	07:49:00	3979.01	3980.50	3978.15	3979.76	208	0	0
2026.07.01	07:50:00	3979.76	3980.83	3979.76	3980.13	179	0	0
2026.07.01	07:51:00	3980.13	3981.61	3980.13	3981.10	191	0	0
2026.07.01	07:52:00	3981.07	3981.23	3979.41	3979.50	173	0	0
2026.07.01	07:53:00	3979.50	3980.13	3979.11	3980.13	248	0	0
2026.07.01	07:54:00	3980.13	3980.76	3979.24	3980.72	186	0	0
2026.07.01	07:55:00	3980.72	3982.78	3980.67	3981.87	246	0	0
2026.07.01	07:56:00	3981.88	3982.58	3979.89	3979.96	269	0	0
2026.07.01	07:57:00	3979.96	3980.22	3978.30	3978.30	219	0	0
2026.07.01	07:58:00	3978.30	3978.69	3977.53	3978.21	226	0	0
2026.07.01	07:59:00	3978.21	3978.21	3976.63	3976.66	281	0	0
2026.07.01	08:00:00	3976.68	3976.68	3975.80	3976.16	289	0	0
2026.07.01	08:01:00	3976.14	3977.18	3975.50	3975.60	242	0	0
2026.07.01	08:02:00	3975.59	3975.91	3973.14	3973.29	250	0	0
2026.07.01	08:03:00	3973.29	3973.31	3971.97	3972.75	312	0	0
2026.07.01	08:04:00	3972.75	3973.73	3972.58	3973.58	268	0	0
2026.07.01	08:05:00	3973.58	3974.39	3973.34	3974.03	195	0	0
2026.07.01	08:06:00	3974.03	3974.81	3974.00	3974.06	227	0	0
2026.07.01	08:07:00	3974.06	3974.57	3973.09	3973.10	180	0	0
2026.07.01	08:08:00	3973.10	3974.84	3972.56	3974.84	223	0	0
2026.07.01	08:09:00	3974.84	3974.88	3973.30	3973.37	203	0	0
2026.07.01	08:10:00	3973.34	3973.44	3971.48	3972.23	232	0	0
2026.07.01	08:11:00	3972.23	3972.23	3971.00	3971.35	226	0	0
2026.07.01	08:12:00	3971.35	3971.35	3969.80	3970.41	303	0	0
2026.07.01	08:13:00	3970.41	3971.49	3970.40	3971.10	266	0	0
2026.07.01	08:14:00	3971.10	3972.08	3970.67	3971.93	326	0	0
2026.07.01	08:15:00	3971.94	3972.02	3970.34	3971.15	312	0	0
2026.07.01	08:16:00	3971.15	3971.55	3970.14	3970.63	239	0	0
2026.07.01	08:17:00	3970.57	3972.35	3970.24	3972.07	298	0	0
2026.07.01	08:18:00	3972.07	3972.50	3971.40	3971.63	243	0	0
2026.07.01	08:19:00	3971.63	3972.49	3971.59	3971.99	223	0	0
2026.07.01	08:20:00	3971.96	3973.57	3971.89	3973.16	212	0	0
2026.07.01	08:21:00	3973.16	3973.19	3972.22	3972.88	219	0	0
2026.07.01	08:22:00	3972.88	3973.58	3972.79	3973.36	226	0	0
2026.07.01	08:23:00	3973.36	3974.93	3973.31	3974.05	215	0	0
2026.07.01	08:24:00	3974.01	3975.38	3974.01	3974.59	270	0	0
2026.07.01	08:25:00	3974.59	3974.80	3972.92	3973.23	203	0	0
2026.07.01	08:26:00	3973.23	3974.03	3972.96	3972.97	139	0	0
2026.07.01	08:27:00	3972.97	3974.56	3972.60	3973.97	212	0	0
2026.07.01	08:28:00	3973.97	3974.61	3973.74	3974.37	158	0	0
2026.07.01	08:29:00	3974.37	3974.49	3972.78	3972.83	237	0	0
2026.07.01	08:30:00	3972.83	3973.75	3970.39	3973.61	511	0	0
2026.07.01	08:31:00	3973.63	3974.93	3972.31	3974.86	428	0	0
2026.07.01	08:32:00	3974.86	3978.95	3974.58	3977.99	444	0	0
2026.07.01	08:33:00	3977.99	3978.03	3976.61	3977.58	369	0	0
2026.07.01	08:34:00	3977.58	3977.58	3975.87	3977.12	386	0	0
2026.07.01	08:35:00	3977.12	3978.08	3975.54	3975.85	360	0	0
2026.07.01	08:36:00	3975.85	3977.18	3974.95	3975.52	441	0	0
2026.07.01	08:37:00	3975.48	3975.59	3973.73	3973.79	299	0	0
2026.07.01	08:38:00	3973.81	3977.16	3973.31	3977.15	289	0	0
2026.07.01	08:39:00	3977.15	3977.27	3974.82	3975.60	320	0	0
2026.07.01	08:40:00	3975.60	3975.60	3972.39	3974.03	331	0	0
2026.07.01	08:41:00	3974.03	3974.52	3971.88	3973.07	422	0	0
2026.07.01	08:42:00	3973.07	3974.96	3972.76	3974.84	388	0	0
2026.07.01	08:43:00	3974.85	3975.05	3973.75	3974.37	408	0	0
2026.07.01	08:44:00	3974.37	3975.33	3973.78	3974.71	317	0	0
2026.07.01	08:45:00	3974.71	3975.15	3973.64	3973.96	373	0	0
2026.07.01	08:46:00	3973.96	3976.42	3973.64	3976.31	353	0	0
2026.07.01	08:47:00	3976.31	3976.68	3974.08	3974.68	286	0	0
2026.07.01	08:48:00	3974.68	3975.08	3973.87	3974.49	267	0	0
2026.07.01	08:49:00	3974.49	3976.60	3974.48	3975.21	337	0	0
2026.07.01	08:50:00	3975.21	3976.21	3974.67	3975.54	281	0	0
2026.07.01	08:51:00	3975.54	3976.37	3975.26	3976.37	245	0	0
2026.07.01	08:52:00	3976.37	3977.46	3974.02	3974.70	296	0	0
2026.07.01	08:53:00	3974.70	3975.37	3974.35	3974.93	242	0	0
2026.07.01	08:54:00	3974.93	3975.43	3973.70	3974.62	320	0	0
2026.07.01	08:55:00	3974.64	3975.74	3974.05	3975.68	335	0	0
2026.07.01	08:56:00	3975.69	3977.44	3975.20	3976.85	309	0	0
2026.07.01	08:57:00	3976.84	3978.94	3976.72	3977.59	340	0	0
2026.07.01	08:58:00	3977.59	3977.59	3975.72	3975.88	288	0	0
2026.07.01	08:59:00	3975.90	3976.12	3973.82	3974.07	294	0	0
2026.07.01	09:00:00	3974.06	3975.81	3973.04	3975.76	457	0	0
2026.07.01	09:01:00	3975.76	3976.91	3974.49	3975.50	313	0	0
2026.07.01	09:02:00	3975.50	3977.56	3974.99	3976.63	332	0	0
2026.07.01	09:03:00	3976.62	3977.50	3975.42	3975.65	373	0	0
2026.07.01	09:04:00	3975.65	3976.34	3974.83	3974.91	287	0	0
2026.07.01	09:05:00	3974.91	3975.93	3969.97	3969.97	463	0	0
2026.07.01	09:06:00	3969.97	3972.16	3969.87	3970.00	327	0	0
2026.07.01	09:07:00	3970.00	3970.01	3964.54	3967.05	734	0	0
2026.07.01	09:08:00	3967.05	3968.56	3964.54	3966.05	417	0	0
2026.07.01	09:09:00	3966.05	3967.05	3964.89	3966.99	415	0	0
2026.07.01	09:10:00	3966.99	3967.02	3964.17	3966.43	526	0	0
2026.07.01	09:11:00	3966.56	3969.03	3966.43	3967.90	430	0	0
2026.07.01	09:12:00	3967.90	3967.90	3964.79	3966.05	400	0	0
2026.07.01	09:13:00	3966.04	3966.59	3963.53	3964.34	366	0	0
2026.07.01	09:14:00	3964.34	3965.73	3963.74	3965.25	368	0	0
2026.07.01	09:15:00	3965.25	3965.54	3963.93	3964.65	352	0	0
2026.07.01	09:16:00	3964.65	3966.30	3963.98	3964.85	394	0	0
2026.07.01	09:17:00	3964.85	3965.03	3963.21	3963.54	349	0	0
2026.07.01	09:18:00	3963.54	3964.95	3963.37	3964.14	309	0	0
2026.07.01	09:19:00	3964.14	3966.83	3963.93	3966.58	319	0	0
2026.07.01	09:20:00	3966.58	3968.21	3966.04	3968.17	365	0	0
2026.07.01	09:21:00	3968.17	3969.74	3968.04	3968.34	552	0	0
2026.07.01	09:22:00	3968.37	3969.56	3966.69	3969.39	434	0	0
2026.07.01	09:23:00	3969.39	3969.78	3968.37	3969.47	271	0	0
2026.07.01	09:24:00	3969.47	3969.64	3968.01	3969.44	290	0	0
2026.07.01	09:25:00	3969.46	3969.88	3967.80	3967.92	302	0	0
2026.07.01	09:26:00	3967.92	3968.52	3967.53	3967.88	286	0	0
2026.07.01	09:27:00	3967.88	3968.65	3967.74	3967.85	267	0	0
2026.07.01	09:28:00	3967.85	3968.99	3967.34	3968.45	354	0	0
2026.07.01	09:29:00	3968.44	3968.62	3967.31	3967.50	250	0	0
2026.07.01	09:30:00	3967.56	3968.70	3966.66	3966.66	311	0	0
2026.07.01	09:31:00	3966.66	3966.87	3965.16	3965.60	357	0	0
2026.07.01	09:32:00	3965.60	3966.13	3963.69	3963.75	267	0	0
2026.07.01	09:33:00	3963.72	3966.65	3963.34	3964.18	370	0	0
2026.07.01	09:34:00	3964.18	3965.86	3964.18	3964.95	315	0	0
2026.07.01	09:35:00	3964.95	3965.48	3964.07	3965.22	290	0	0
2026.07.01	09:36:00	3965.22	3967.52	3965.17	3966.30	274	0	0
2026.07.01	09:37:00	3966.30	3967.39	3966.27	3967.05	246	0	0
2026.07.01	09:38:00	3967.05	3967.94	3966.50	3967.45	308	0	0
2026.07.01	09:39:00	3967.45	3967.96	3966.96	3967.59	247	0	0
2026.07.01	09:40:00	3967.59	3968.67	3967.41	3968.12	309	0	0
2026.07.01	09:41:00	3968.12	3969.00	3967.46	3968.87	361	0	0
2026.07.01	09:42:00	3968.87	3970.50	3968.22	3970.46	276	0	0
2026.07.01	09:43:00	3970.46	3973.71	3970.46	3972.41	395	0	0
2026.07.01	09:44:00	3972.41	3972.94	3971.06	3971.83	329	0	0
2026.07.01	09:45:00	3971.83	3971.97	3969.09	3971.47	315	0	0
2026.07.01	09:46:00	3971.47	3972.24	3970.39	3971.93	261	0	0
2026.07.01	09:47:00	3971.93	3972.49	3971.38	3971.97	206	0	0
2026.07.01	09:48:00	3971.99	3972.66	3971.87	3972.14	219	0	0
2026.07.01	09:49:00	3972.05	3972.05	3969.85	3970.02	332	0	0
2026.07.01	09:50:00	3970.02	3970.66	3969.06	3969.64	273	0	0
2026.07.01	09:51:00	3969.64	3971.33	3969.62	3971.24	244	0	0
2026.07.01	09:52:00	3971.24	3971.53	3970.47	3971.04	236	0	0
2026.07.01	09:53:00	3971.04	3973.79	3970.97	3973.47	298	0	0
2026.07.01	09:54:00	3973.47	3973.57	3972.47	3973.24	225	0	0
2026.07.01	09:55:00	3973.24	3973.24	3972.06	3972.62	203	0	0
2026.07.01	09:56:00	3972.62	3972.79	3971.87	3971.87	204	0	0
2026.07.01	09:57:00	3971.87	3972.47	3971.03	3972.47	221	0	0
2026.07.01	09:58:00	3972.47	3972.72	3971.42	3971.70	301	0	0
2026.07.01	09:59:00	3971.70	3972.02	3970.74	3971.90	316	0	0
2026.07.01	10:00:00	3971.90	3973.85	3970.25	3970.64	362	0	0
2026.07.01	10:01:00	3970.64	3971.11	3969.84	3970.08	323	0	0
2026.07.01	10:02:00	3969.94	3970.51	3966.58	3966.73	363	0	0
2026.07.01	10:03:00	3966.73	3967.72	3965.51	3965.69	294	0	0
2026.07.01	10:04:00	3965.69	3967.14	3965.69	3966.55	305	0	0
2026.07.01	10:05:00	3966.52	3966.61	3964.49	3965.03	340	0	0
2026.07.01	10:06:00	3965.03	3965.74	3964.08	3965.25	318	0	0
2026.07.01	10:07:00	3965.25	3965.66	3961.53	3961.83	393	0	0
2026.07.01	10:08:00	3961.83	3963.18	3960.16	3962.07	410	0	0
2026.07.01	10:09:00	3962.07	3966.32	3962.07	3964.36	351	0	0
2026.07.01	10:10:00	3964.36	3964.36	3961.61	3962.75	347	0	0
2026.07.01	10:11:00	3962.73	3963.52	3960.81	3963.43	361	0	0
2026.07.01	10:12:00	3963.43	3964.61	3962.88	3963.68	315	0	0
2026.07.01	10:13:00	3963.65	3963.70	3960.82	3961.05	363	0	0
2026.07.01	10:14:00	3961.05	3962.17	3960.87	3961.57	333	0	0
2026.07.01	10:15:00	3961.57	3962.32	3959.93	3962.10	357	0	0
2026.07.01	10:16:00	3962.08	3964.23	3961.91	3963.80	359	0	0
2026.07.01	10:17:00	3963.80	3964.23	3962.78	3963.77	321	0	0
2026.07.01	10:18:00	3963.77	3966.97	3962.90	3966.89	366	0	0
2026.07.01	10:19:00	3966.89	3970.96	3966.00	3970.34	414	0	0
2026.07.01	10:20:00	3970.34	3972.12	3969.10	3969.24	431	0	0
2026.07.01	10:21:00	3969.24	3969.68	3968.50	3969.34	320	0	0
2026.07.01	10:22:00	3969.34	3970.36	3968.39	3968.42	252	0	0
2026.07.01	10:23:00	3968.42	3969.09	3968.15	3968.76	251	0	0
2026.07.01	10:24:00	3968.76	3969.52	3967.46	3967.82	242	0	0
2026.07.01	10:25:00	3967.82	3968.64	3967.27	3968.38	332	0	0
2026.07.01	10:26:00	3968.38	3969.41	3967.92	3968.37	295	0	0
2026.07.01	10:27:00	3968.37	3970.81	3968.37	3970.81	250	0	0
2026.07.01	10:28:00	3970.81	3970.81	3967.59	3967.62	261	0	0
2026.07.01	10:29:00	3967.62	3968.01	3964.04	3964.34	292	0	0
2026.07.01	10:30:00	3964.34	3965.08	3962.33	3962.81	271	0	0
2026.07.01	10:31:00	3962.83	3964.59	3962.63	3964.58	314	0	0
2026.07.01	10:32:00	3964.58	3965.01	3962.64	3962.65	408	0	0
2026.07.01	10:33:00	3962.65	3962.95	3960.92	3962.82	348	0	0
2026.07.01	10:34:00	3962.82	3963.99	3961.40	3963.23	467	0	0
2026.07.01	10:35:00	3963.23	3965.78	3963.20	3965.78	271	0	0
2026.07.01	10:36:00	3965.78	3968.70	3965.11	3967.96	304	0	0
2026.07.01	10:37:00	3967.95	3968.49	3967.01	3968.05	324	0	0
2026.07.01	10:38:00	3968.06	3968.60	3967.36	3968.09	250	0	0
2026.07.01	10:39:00	3968.09	3969.67	3967.70	3968.99	295	0	0
2026.07.01	10:40:00	3968.97	3969.56	3968.41	3968.50	301	0	0
2026.07.01	10:41:00	3968.50	3969.81	3968.37	3969.73	243	0	0
2026.07.01	10:42:00	3969.73	3970.80	3969.24	3969.72	303	0	0
2026.07.01	10:43:00	3969.72	3970.21	3968.75	3969.27	306	0	0
2026.07.01	10:44:00	3969.27	3971.20	3969.27	3971.10	333	0	0
2026.07.01	10:45:00	3971.10	3972.94	3969.91	3970.47	551	0	0
2026.07.01	10:46:00	3970.47	3970.88	3969.64	3970.42	260	0	0
2026.07.01	10:47:00	3970.42	3970.57	3969.24	3969.78	327	0	0
2026.07.01	10:48:00	3969.78	3971.38	3968.94	3970.04	451	0	0
2026.07.01	10:49:00	3970.04	3971.40	3969.18	3971.01	313	0	0
2026.07.01	10:50:00	3971.01	3974.90	3970.75	3972.98	321	0	0
2026.07.01	10:51:00	3972.98	3973.42	3972.24	3972.90	253	0	0
2026.07.01	10:52:00	3972.90	3973.56	3971.40	3973.20	327	0	0
2026.07.01	10:53:00	3973.20	3973.72	3972.08	3972.52	286	0	0
2026.07.01	10:54:00	3972.52	3973.28	3970.92	3971.42	266	0	0
2026.07.01	10:55:00	3971.42	3973.94	3971.10	3973.43	276	0	0
2026.07.01	10:56:00	3973.43	3975.01	3973.32	3974.76	275	0	0
2026.07.01	10:57:00	3974.76	3978.14	3974.76	3977.95	388	0	0
2026.07.01	10:58:00	3977.95	3978.47	3975.03	3975.86	314	0	0
2026.07.01	10:59:00	3975.86	3976.52	3975.48	3976.13	247	0	0
2026.07.01	11:00:00	3976.12	3976.36	3972.73	3972.97	375	0	0
2026.07.01	11:01:00	3972.97	3973.45	3972.14	3972.32	358	0	0
2026.07.01	11:02:00	3972.33	3972.75	3970.66	3971.15	307	0	0
2026.07.01	11:03:00	3971.15	3972.57	3970.64	3970.82	282	0	0
2026.07.01	11:04:00	3970.82	3972.39	3970.82	3971.72	305	0	0
2026.07.01	11:05:00	3971.72	3972.62	3970.74	3971.83	260	0	0
2026.07.01	11:06:00	3971.83	3973.06	3971.57	3972.46	256	0	0
2026.07.01	11:07:00	3972.46	3972.46	3970.39	3971.17	287	0	0
2026.07.01	11:08:00	3971.17	3971.19	3970.09	3970.41	260	0	0
2026.07.01	11:09:00	3970.41	3971.59	3970.21	3971.32	289	0	0
2026.07.01	11:10:00	3971.32	3972.20	3970.56	3970.67	267	0	0
2026.07.01	11:11:00	3970.68	3970.74	3969.51	3970.07	235	0	0
2026.07.01	11:12:00	3970.07	3973.22	3969.93	3973.19	295	0	0
2026.07.01	11:13:00	3973.19	3973.60	3972.77	3973.31	316	0	0
2026.07.01	11:14:00	3973.31	3974.28	3972.82	3974.28	256	0	0
2026.07.01	11:15:00	3974.28	3976.04	3974.21	3976.03	308	0	0
2026.07.01	11:16:00	3976.04	3978.94	3976.03	3978.76	322	0	0
2026.07.01	11:17:00	3978.75	3981.86	3978.75	3980.83	443	0	0
2026.07.01	11:18:00	3980.83	3981.92	3980.24	3981.77	473	0	0
2026.07.01	11:19:00	3981.77	3982.98	3981.12	3982.71	334	0	0
2026.07.01	11:20:00	3982.71	3983.44	3982.29	3983.31	347	0	0
2026.07.01	11:21:00	3983.31	3984.51	3980.61	3980.66	405	0	0
2026.07.01	11:22:00	3980.66	3980.86	3978.91	3979.34	359	0	0
2026.07.01	11:23:00	3979.34	3980.53	3979.23	3979.56	283	0	0
2026.07.01	11:24:00	3979.50	3980.57	3979.27	3979.30	216	0	0
2026.07.01	11:25:00	3979.30	3980.17	3978.66	3979.68	276	0	0
2026.07.01	11:26:00	3979.68	3982.28	3979.68	3981.72	301	0	0
2026.07.01	11:27:00	3981.72	3982.43	3981.11	3982.33	315	0	0
2026.07.01	11:28:00	3982.34	3982.35	3979.55	3979.66	280	0	0
2026.07.01	11:29:00	3979.69	3980.11	3978.80	3978.82	289	0	0
2026.07.01	11:30:00	3978.82	3979.73	3978.23	3978.72	320	0	0
2026.07.01	11:31:00	3978.73	3978.77	3977.66	3978.19	269	0	0
2026.07.01	11:32:00	3978.19	3978.70	3977.59	3977.81	247	0	0
2026.07.01	11:33:00	3977.81	3977.86	3975.86	3977.14	278	0	0
2026.07.01	11:34:00	3977.23	3978.35	3977.10	3977.71	248	0	0
2026.07.01	11:35:00	3977.73	3977.86	3976.01	3976.27	208	0	0
2026.07.01	11:36:00	3976.27	3976.31	3973.81	3974.31	219	0	0
2026.07.01	11:37:00	3974.32	3974.91	3973.00	3973.01	264	0	0
2026.07.01	11:38:00	3973.01	3974.35	3972.50	3973.49	302	0	0
2026.07.01	11:39:00	3973.49	3974.53	3972.94	3973.01	255	0	0
2026.07.01	11:40:00	3973.01	3975.46	3972.56	3975.13	257	0	0
2026.07.01	11:41:00	3975.13	3976.64	3974.53	3976.58	243	0	0
2026.07.01	11:42:00	3976.58	3978.52	3976.36	3977.70	215	0	0
2026.07.01	11:43:00	3977.70	3978.65	3977.19	3978.15	184	0	0
2026.07.01	11:44:00	3978.15	3978.27	3976.79	3977.13	205	0	0
2026.07.01	11:45:00	3977.13	3977.23	3976.56	3977.18	196	0	0
2026.07.01	11:46:00	3977.18	3977.34	3976.13	3977.34	222	0	0
2026.07.01	11:47:00	3977.34	3977.37	3976.45	3977.18	176	0	0
2026.07.01	11:48:00	3977.18	3977.49	3975.26	3975.26	258	0	0
2026.07.01	11:49:00	3975.26	3975.41	3974.55	3975.02	261	0	0
2026.07.01	11:50:00	3975.03	3975.71	3974.79	3975.29	254	0	0
2026.07.01	11:51:00	3975.29	3976.07	3974.93	3975.99	245	0	0
2026.07.01	11:52:00	3976.01	3977.37	3975.60	3976.55	252	0	0
2026.07.01	11:53:00	3976.55	3977.15	3975.94	3977.14	235	0	0
2026.07.01	11:54:00	3977.14	3977.47	3976.83	3977.22	323	0	0
2026.07.01	11:55:00	3977.22	3977.38	3976.53	3976.66	342	0	0
2026.07.01	11:56:00	3976.66	3976.72	3974.82	3975.27	245	0	0
2026.07.01	11:57:00	3975.27	3975.32	3973.88	3973.88	200	0	0
2026.07.01	11:58:00	3973.88	3974.48	3971.29	3971.56	277	0	0
2026.07.01	11:59:00	3971.56	3974.59	3971.56	3974.57	183	0	0
2026.07.01	12:00:00	3974.56	3974.63	3972.87	3973.76	279	0	0
2026.07.01	12:01:00	3973.77	3975.64	3973.52	3975.63	258	0	0
2026.07.01	12:02:00	3975.63	3975.78	3974.39	3974.77	207	0	0
2026.07.01	12:03:00	3974.75	3975.98	3974.32	3975.75	267	0	0
2026.07.01	12:04:00	3975.75	3975.84	3975.14	3975.35	220	0	0
2026.07.01	12:05:00	3975.35	3976.37	3974.30	3974.30	276	0	0
2026.07.01	12:06:00	3974.30	3974.80	3972.96	3974.75	214	0	0
2026.07.01	12:07:00	3974.75	3974.75	3973.08	3973.31	169	0	0
2026.07.01	12:08:00	3973.10	3975.76	3973.09	3975.42	313	0	0
2026.07.01	12:09:00	3975.40	3975.40	3973.43	3973.77	257	0	0
2026.07.01	12:10:00	3973.77	3975.36	3973.76	3974.93	251	0	0
2026.07.01	12:11:00	3974.93	3975.41	3974.66	3975.08	247	0	0
2026.07.01	12:12:00	3975.08	3975.76	3974.92	3975.54	260	0	0
2026.07.01	12:13:00	3975.54	3977.53	3975.32	3976.41	306	0	0
2026.07.01	12:14:00	3976.41	3976.69	3975.30	3975.78	302	0	0
2026.07.01	12:15:00	3975.78	3976.11	3975.52	3975.88	215	0	0
2026.07.01	12:16:00	3975.88	3976.73	3975.55	3976.62	221	0	0
2026.07.01	12:17:00	3976.62	3977.50	3976.16	3977.37	248	0	0
2026.07.01	12:18:00	3977.37	3979.86	3977.10	3979.49	296	0	0
2026.07.01	12:19:00	3979.49	3980.42	3978.39	3978.49	257	0	0
2026.07.01	12:20:00	3978.49	3979.53	3978.15	3978.16	206	0	0
2026.07.01	12:21:00	3978.16	3978.67	3977.20	3977.34	210	0	0
2026.07.01	12:22:00	3977.34	3977.98	3976.68	3977.60	216	0	0
2026.07.01	12:23:00	3977.60	3978.21	3977.52	3977.62	198	0	0
2026.07.01	12:24:00	3977.62	3978.64	3977.23	3977.61	205	0	0
2026.07.01	12:25:00	3977.61	3978.26	3976.94	3978.08	240	0	0
2026.07.01	12:26:00	3978.07	3978.48	3977.78	3977.97	279	0	0
2026.07.01	12:27:00	3977.97	3979.07	3977.79	3978.66	252	0	0
2026.07.01	12:28:00	3978.67	3978.68	3977.28	3977.29	189	0	0
2026.07.01	12:29:00	3977.29	3978.94	3977.29	3978.79	278	0	0
2026.07.01	12:30:00	3978.79	3980.05	3977.61	3977.90	349	0	0
2026.07.01	12:31:00	3977.91	3979.78	3977.64	3979.40	257	0	0
2026.07.01	12:32:00	3979.40	3981.25	3979.40	3980.58	251	0	0
2026.07.01	12:33:00	3980.58	3981.29	3980.34	3980.40	240	0	0
2026.07.01	12:34:00	3980.40	3980.71	3980.24	3980.32	200	0	0
2026.07.01	12:35:00	3980.30	3981.18	3980.08	3981.03	221	0	0
2026.07.01	12:36:00	3980.97	3981.27	3980.41	3980.99	187	0	0
2026.07.01	12:37:00	3980.99	3981.29	3980.25	3981.15	221	0	0
2026.07.01	12:38:00	3981.15	3981.68	3980.37	3981.63	185	0	0
2026.07.01	12:39:00	3981.64	3982.48	3981.11	3982.18	214	0	0
2026.07.01	12:40:00	3982.18	3982.60	3980.71	3980.80	262	0	0
2026.07.01	12:41:00	3980.80	3981.46	3980.28	3980.28	160	0	0
2026.07.01	12:42:00	3980.28	3980.79	3980.13	3980.18	204	0	0
2026.07.01	12:43:00	3980.18	3981.82	3979.42	3980.61	216	0	0
2026.07.01	12:44:00	3980.61	3981.77	3980.50	3981.76	217	0	0
2026.07.01	12:45:00	3981.77	3983.33	3981.76	3982.84	256	0	0
2026.07.01	12:46:00	3982.84	3984.21	3982.68	3982.86	192	0	0
2026.07.01	12:47:00	3982.86	3983.60	3982.48	3983.30	211	0	0
2026.07.01	12:48:00	3983.30	3983.97	3983.05	3983.69	210	0	0
2026.07.01	12:49:00	3983.65	3985.77	3983.57	3985.54	292	0	0
2026.07.01	12:50:00	3985.54	3985.54	3984.90	3984.96	262	0	0
2026.07.01	12:51:00	3984.96	3985.40	3983.65	3984.13	289	0	0
2026.07.01	12:52:00	3984.13	3984.49	3983.15	3983.34	219	0	0
2026.07.01	12:53:00	3983.36	3984.52	3983.36	3983.69	255	0	0
2026.07.01	12:54:00	3983.70	3985.34	3983.50	3985.08	251	0	0
2026.07.01	12:55:00	3985.08	3985.28	3984.50	3985.01	222	0	1
2026.07.01	12:56:00	3985.01	3986.01	3984.80	3985.27	355	0	0
2026.07.01	12:57:00	3985.27	3985.38	3984.35	3984.66	240	0	0
2026.07.01	12:58:00	3984.66	3984.76	3983.55	3984.57	241	0	0
2026.07.01	12:59:00	3984.57	3985.15	3984.39	3984.47	272	0	0
2026.07.01	13:00:00	3984.47	3985.57	3984.37	3984.53	288	0	0
2026.07.01	13:01:00	3984.53	3986.43	3984.39	3985.94	312	0	0
2026.07.01	13:02:00	3985.94	3987.51	3985.87	3986.78	405	0	0
2026.07.01	13:03:00	3986.78	3987.23	3986.26	3986.79	191	0	0
2026.07.01	13:04:00	3986.79	3989.50	3986.35	3988.25	329	0	0
2026.07.01	13:05:00	3988.25	3989.58	3987.94	3989.58	281	0	0
2026.07.01	13:06:00	3989.58	3989.58	3988.56	3988.70	304	0	0
2026.07.01	13:07:00	3988.70	3988.92	3987.44	3988.16	259	0	0
2026.07.01	13:08:00	3988.16	3989.26	3988.16	3988.81	210	0	0
2026.07.01	13:09:00	3988.81	3988.87	3987.06	3987.74	217	0	0
2026.07.01	13:10:00	3987.73	3987.73	3985.92	3986.30	274	0	0
2026.07.01	13:11:00	3986.30	3986.30	3985.34	3985.61	219	0	0
2026.07.01	13:12:00	3985.61	3986.18	3985.45	3985.94	171	0	0
2026.07.01	13:13:00	3985.94	3986.36	3985.28	3985.51	189	0	0
2026.07.01	13:14:00	3985.51	3985.57	3983.01	3984.24	327	0	0
2026.07.01	13:15:00	3984.24	3984.67	3983.26	3983.51	277	0	0
2026.07.01	13:16:00	3983.52	3984.60	3983.51	3984.21	230	0	0
2026.07.01	13:17:00	3984.21	3984.21	3983.20	3983.76	308	0	0
2026.07.01	13:18:00	3983.76	3983.77	3982.42	3982.58	232	0	0
2026.07.01	13:19:00	3982.58	3982.79	3981.91	3982.24	178	0	0
2026.07.01	13:20:00	3982.27	3982.81	3982.06	3982.14	189	0	0
2026.07.01	13:21:00	3982.14	3982.30	3981.40	3981.78	152	0	0
2026.07.01	13:22:00	3981.76	3983.08	3981.64	3983.02	187	0	0
2026.07.01	13:23:00	3983.02	3984.31	3982.45	3984.14	248	0	0
2026.07.01	13:24:00	3984.13	3985.28	3983.65	3985.06	202	0	0
2026.07.01	13:25:00	3985.06	3985.38	3984.86	3985.13	218	0	0
2026.07.01	13:26:00	3985.12	3985.49	3984.48	3984.60	238	0	0
2026.07.01	13:27:00	3984.60	3984.79	3983.18	3983.92	230	0	0
2026.07.01	13:28:00	3983.92	3985.73	3983.87	3985.71	212	0	0
2026.07.01	13:29:00	3985.71	3987.47	3985.67	3987.17	208	0	0
2026.07.01	13:30:00	3987.17	3988.85	3987.07	3988.76	284	0	0
2026.07.01	13:31:00	3988.76	3990.30	3988.73	3988.73	307	0	0
2026.07.01	13:32:00	3988.73	3990.12	3988.42	3989.98	232	0	0
2026.07.01	13:33:00	3989.98	3992.02	3989.96	3991.70	300	0	0
2026.07.01	13:34:00	3991.69	3991.69	3989.88	3991.33	255	0	0
2026.07.01	13:35:00	3991.31	3992.20	3989.86	3990.05	265	0	0
2026.07.01	13:36:00	3990.08	3990.98	3989.24	3989.77	213	0	0
2026.07.01	13:37:00	3989.79	3994.53	3989.41	3993.27	332	0	0
2026.07.01	13:38:00	3993.27	3993.60	3990.57	3990.78	312	0	0
2026.07.01	13:39:00	3990.70	3990.97	3989.58	3989.67	262	0	0
2026.07.01	13:40:00	3989.70	3990.12	3988.79	3989.05	215	0	0
2026.07.01	13:41:00	3989.02	3989.22	3988.27	3988.85	239	0	0
2026.07.01	13:42:00	3988.86	3989.30	3988.28	3988.72	206	0	0
2026.07.01	13:43:00	3988.72	3988.74	3986.67	3987.02	415	0	0
2026.07.01	13:44:00	3987.02	3987.54	3986.50	3987.26	236	0	0
2026.07.01	13:45:00	3987.26	3987.94	3986.95	3987.74	196	0	0
2026.07.01	13:46:00	3987.74	3989.01	3987.71	3988.56	218	0	0
2026.07.01	13:47:00	3988.57	3990.42	3988.45	3990.40	350	0	0
2026.07.01	13:48:00	3990.40	3990.48	3989.09	3989.32	368	0	0
2026.07.01	13:49:00	3989.32	3991.21	3989.32	3991.18	182	0	0
2026.07.01	13:50:00	3991.19	3992.81	3991.19	3992.78	248	0	1
2026.07.01	13:51:00	3992.78	3993.83	3992.63	3993.19	185	0	0
2026.07.01	13:52:00	3993.19	3994.31	3993.04	3994.20	370	0	0
2026.07.01	13:53:00	3994.18	3994.19	3992.73	3993.19	211	0	0
2026.07.01	13:54:00	3993.20	3993.87	3993.17	3993.75	234	0	0
2026.07.01	13:55:00	3993.75	3995.78	3993.74	3995.18	269	0	0
2026.07.01	13:56:00	3995.18	3996.58	3994.79	3996.50	201	0	0
2026.07.01	13:57:00	3996.50	3998.85	3996.30	3997.73	295	0	0
2026.07.01	13:58:00	3997.73	3998.17	3997.43	3998.10	290	0	0
2026.07.01	13:59:00	3998.10	3998.46	3997.39	3998.41	215	0	0
2026.07.01	14:00:00	3998.41	4001.48	3997.96	4001.48	360	0	0
2026.07.01	14:01:00	4001.51	4004.00	4001.46	4002.86	379	0	0
2026.07.01	14:02:00	4002.86	4004.34	4002.51	4004.31	320	0	0
2026.07.01	14:03:00	4004.29	4008.06	4003.98	4007.47	508	0	0
2026.07.01	14:04:00	4007.47	4007.52	4005.60	4006.59	340	0	0
2026.07.01	14:05:00	4006.60	4008.38	4006.60	4007.64	305	0	0
2026.07.01	14:06:00	4007.66	4008.65	4006.98	4008.65	253	0	0
2026.07.01	14:07:00	4008.65	4010.24	4006.65	4009.10	360	0	0
2026.07.01	14:08:00	4009.06	4009.51	4008.62	4009.09	264	0	0
2026.07.01	14:09:00	4009.09	4010.77	4008.62	4010.43	323	0	0
2026.07.01	14:10:00	4010.41	4013.85	4009.90	4013.85	476	0	0
2026.07.01	14:11:00	4013.85	4019.47	4013.75	4015.61	583	0	0
2026.07.01	14:12:00	4015.61	4015.86	4012.11	4013.31	598	0	0
2026.07.01	14:13:00	4013.40	4015.72	4013.16	4015.08	473	0	0
2026.07.01	14:14:00	4015.08	4017.78	4014.73	4015.94	378	0	0
2026.07.01	14:15:00	4015.94	4017.52	4015.68	4016.12	421	0	0
2026.07.01	14:16:00	4016.12	4017.10	4015.23	4015.60	367	0	0
2026.07.01	14:17:00	4015.59	4018.70	4015.11	4017.39	341	0	0
2026.07.01	14:18:00	4017.39	4022.16	4016.19	4021.87	485	0	0
2026.07.01	14:19:00	4021.87	4024.95	4021.39	4022.88	493	0	0
2026.07.01	14:20:00	4022.88	4023.92	4021.73	4021.84	448	0	0
2026.07.01	14:21:00	4021.84	4026.13	4021.53	4025.84	663	0	0
2026.07.01	14:22:00	4025.84	4025.99	4020.81	4020.90	427	0	0
2026.07.01	14:23:00	4020.90	4021.22	4019.11	4020.54	414	0	0
2026.07.01	14:24:00	4020.55	4024.67	4020.05	4024.55	384	0	0
2026.07.01	14:25:00	4024.55	4025.86	4023.85	4025.16	479	0	0
2026.07.01	14:26:00	4025.16	4025.69	4022.85	4022.85	429	0	0
2026.07.01	14:27:00	4022.85	4023.97	4021.54	4022.57	432	0	0
2026.07.01	14:28:00	4022.55	4023.45	4022.16	4022.77	463	0	0
2026.07.01	14:29:00	4022.77	4028.41	4022.48	4026.83	639	0	0
2026.07.01	14:30:00	4026.82	4027.88	4026.20	4026.94	503	0	0
2026.07.01	14:31:00	4026.94	4026.95	4024.22	4026.24	510	0	0
2026.07.01	14:32:00	4026.29	4028.38	4025.94	4026.13	330	0	0
2026.07.01	14:33:00	4026.13	4026.64	4023.13	4023.60	355	0	0
2026.07.01	14:34:00	4023.60	4024.63	4023.60	4024.37	325	0	0
2026.07.01	14:35:00	4024.37	4025.93	4023.96	4025.38	359	0	0
2026.07.01	14:36:00	4025.38	4026.02	4025.03	4025.21	304	0	0
2026.07.01	14:37:00	4025.22	4026.39	4024.53	4025.55	280	0	0
2026.07.01	14:38:00	4025.54	4026.18	4023.67	4025.66	315	0	0
2026.07.01	14:39:00	4025.66	4025.77	4024.36	4024.67	307	0	0
2026.07.01	14:40:00	4024.65	4025.40	4023.79	4023.81	328	0	0
2026.07.01	14:41:00	4023.81	4026.72	4023.23	4025.74	369	0	0
2026.07.01	14:42:00	4025.74	4026.11	4024.44	4025.11	282	0	0
2026.07.01	14:43:00	4025.11	4031.81	4024.88	4031.81	440	0	0
2026.07.01	14:44:00	4031.81	4031.86	4029.17	4029.27	345	0	0
2026.07.01	14:45:00	4029.27	4030.66	4028.75	4029.74	466	0	0
2026.07.01	14:46:00	4029.74	4032.80	4029.40	4032.37	322	0	0
2026.07.01	14:47:00	4032.37	4033.29	4031.80	4031.98	338	0	0
2026.07.01	14:48:00	4031.98	4034.41	4031.45	4031.59	407	0	0
2026.07.01	14:49:00	4031.59	4035.02	4031.59	4034.14	488	0	0
2026.07.01	14:50:00	4034.14	4035.53	4033.86	4034.03	429	0	0
2026.07.01	14:51:00	4034.31	4035.37	4033.03	4033.14	398	0	0
2026.07.01	14:52:00	4033.14	4034.79	4032.54	4033.53	362	0	0
2026.07.01	14:53:00	4033.53	4033.66	4030.11	4030.38	368	0	0
2026.07.01	14:54:00	4030.38	4032.98	4029.79	4032.33	379	0	0
2026.07.01	14:55:00	4032.33	4033.63	4031.68	4031.71	318	0	0
2026.07.01	14:56:00	4031.71	4031.87	4030.39	4030.61	411	0	0
2026.07.01	14:57:00	4030.61	4032.70	4030.17	4032.69	300	0	0
2026.07.01	14:58:00	4032.69	4032.80	4030.37	4030.48	305	0	0
2026.07.01	14:59:00	4030.48	4031.89	4030.22	4030.50	304	0	0
2026.07.01	15:00:00	4030.50	4034.03	4030.42	4032.90	489	0	0
2026.07.01	15:01:00	4032.90	4033.02	4029.34	4029.54	432	0	0
2026.07.01	15:02:00	4029.52	4030.68	4027.05	4027.84	455	0	0
2026.07.01	15:03:00	4027.84	4027.84	4024.65	4025.34	499	0	0
2026.07.01	15:04:00	4025.34	4025.61	4023.77	4024.26	370	0	0
2026.07.01	15:05:00	4024.26	4024.61	4022.70	4023.89	392	0	0
2026.07.01	15:06:00	4023.89	4024.88	4022.15	4022.34	361	0	0
2026.07.01	15:07:00	4022.34	4024.32	4021.66	4021.90	388	0	0
2026.07.01	15:08:00	4021.90	4024.16	4021.82	4023.43	436	0	0
2026.07.01	15:09:00	4023.37	4023.57	4022.02	4023.10	382	0	0
2026.07.01	15:10:00	4023.10	4024.69	4022.93	4023.34	423	0	0
2026.07.01	15:11:00	4023.34	4024.34	4021.06	4021.10	476	0	0
2026.07.01	15:12:00	4021.10	4023.12	4020.21	4022.88	346	0	0
2026.07.01	15:13:00	4022.88	4022.88	4021.24	4021.92	376	0	0
2026.07.01	15:14:00	4021.94	4022.02	4019.54	4021.53	321	0	0
2026.07.01	15:15:00	4021.51	4026.32	4021.51	4026.11	585	0	0
2026.07.01	15:16:00	4026.11	4026.83	4024.03	4024.57	467	0	0
2026.07.01	15:17:00	4024.57	4025.78	4024.37	4025.72	317	0	0
2026.07.01	15:18:00	4025.72	4026.55	4024.59	4025.89	476	0	0
2026.07.01	15:19:00	4025.89	4028.26	4025.43	4028.07	447	0	0
2026.07.01	15:20:00	4028.07	4029.11	4025.17	4026.08	561	0	0
2026.07.01	15:21:00	4026.08	4026.85	4025.35	4026.65	422	0	0
2026.07.01	15:22:00	4026.65	4027.09	4025.00	4026.96	522	0	0
2026.07.01	15:23:00	4026.96	4030.15	4026.96	4029.66	389	0	0
2026.07.01	15:24:00	4029.66	4029.73	4028.30	4029.31	437	0	0
2026.07.01	15:25:00	4029.31	4030.25	4028.18	4029.13	428	0	0
2026.07.01	15:26:00	4029.13	4030.49	4028.84	4030.08	437	0	0
2026.07.01	15:27:00	4030.08	4030.08	4027.16	4027.16	435	0	0
2026.07.01	15:28:00	4027.20	4027.62	4026.10	4026.58	436	0	0
2026.07.01	15:29:00	4026.61	4026.61	4025.80	4025.86	431	0	0
2026.07.01	15:30:00	4025.86	4027.91	4025.41	4026.85	417	0	0
2026.07.01	15:31:00	4026.85	4030.29	4026.75	4028.87	444	0	0
2026.07.01	15:32:00	4028.87	4032.02	4028.87	4031.99	551	0	0
2026.07.01	15:33:00	4032.01	4033.15	4029.58	4032.99	473	0	0
2026.07.01	15:34:00	4032.99	4032.99	4026.74	4029.19	537	0	0
2026.07.01	15:35:00	4029.19	4030.13	4026.98	4028.78	510	0	0
2026.07.01	15:36:00	4028.78	4029.73	4025.52	4026.82	483	0	0
2026.07.01	15:37:00	4026.82	4028.93	4026.54	4026.58	437	0	0
2026.07.01	15:38:00	4026.53	4027.13	4023.84	4024.78	462	0	0
2026.07.01	15:39:00	4024.78	4026.07	4023.98	4023.99	458	0	0
2026.07.01	15:40:00	4023.99	4025.20	4023.50	4025.13	489	0	0
2026.07.01	15:41:00	4025.13	4029.85	4024.99	4029.51	475	0	0
2026.07.01	15:42:00	4029.51	4030.62	4025.32	4025.33	498	0	0
2026.07.01	15:43:00	4025.35	4026.98	4024.66	4026.98	460	0	0
2026.07.01	15:44:00	4026.95	4026.95	4025.01	4026.08	543	0	0
2026.07.01	15:45:00	4026.08	4027.58	4024.91	4027.21	614	0	0
2026.07.01	15:46:00	4027.21	4027.63	4026.03	4027.11	417	0	0
2026.07.01	15:47:00	4027.11	4027.18	4024.64	4024.91	428	0	0
2026.07.01	15:48:00	4024.89	4025.96	4024.89	4025.48	319	0	0
2026.07.01	15:49:00	4025.42	4027.74	4025.33	4026.28	338	0	0
2026.07.01	15:50:00	4026.28	4027.49	4025.92	4027.23	329	0	0
2026.07.01	15:51:00	4027.24	4028.92	4026.11	4028.66	489	0	0
2026.07.01	15:52:00	4028.64	4028.64	4027.14	4027.22	462	0	0
2026.07.01	15:53:00	4027.22	4027.60	4026.19	4026.55	403	0	0
2026.07.01	15:54:00	4026.54	4027.79	4025.21	4025.54	535	0	0
2026.07.01	15:55:00	4025.54	4026.24	4023.36	4024.61	751	0	0
2026.07.01	15:56:00	4024.51	4026.25	4023.87	4025.61	415	0	0
2026.07.01	15:57:00	4025.62	4025.69	4023.72	4024.45	519	0	0
2026.07.01	15:58:00	4024.45	4026.90	4024.43	4026.55	413	0	0
2026.07.01	15:59:00	4026.55	4026.63	4022.47	4022.70	771	0	0
2026.07.01	16:00:00	4022.69	4023.03	4016.97	4020.41	1040	0	0
2026.07.01	16:01:00	4020.41	4024.90	4020.41	4022.03	1071	0	0
2026.07.01	16:02:00	4022.01	4023.42	4018.89	4019.34	815	0	0
2026.07.01	16:03:00	4019.32	4021.95	4019.15	4020.58	798	0	0
2026.07.01	16:04:00	4020.58	4023.95	4020.27	4022.30	907	0	0
2026.07.01	16:05:00	4022.30	4022.38	4018.34	4018.89	839	0	0
2026.07.01	16:06:00	4018.89	4019.43	4016.98	4017.57	827	0	0
2026.07.01	16:07:00	4017.57	4017.80	4014.88	4016.40	802	0	0
2026.07.01	16:08:00	4016.40	4016.50	4012.87	4013.47	596	0	0
2026.07.01	16:09:00	4013.47	4018.03	4013.46	4018.01	547	0	0
2026.07.01	16:10:00	4018.01	4018.01	4014.11	4016.41	744	0	0
2026.07.01	16:11:00	4016.41	4020.52	4015.98	4020.50	599	0	0
2026.07.01	16:12:00	4020.50	4022.08	4019.83	4021.57	599	0	0
2026.07.01	16:13:00	4021.57	4022.51	4020.42	4020.81	433	0	0
2026.07.01	16:14:00	4020.81	4022.18	4020.22	4021.39	492	0	0
2026.07.01	16:15:00	4021.39	4025.40	4021.28	4023.95	473	0	0
2026.07.01	16:16:00	4023.94	4024.92	4021.79	4022.65	590	0	0
2026.07.01	16:17:00	4022.65	4031.97	4022.52	4030.06	784	0	0
2026.07.01	16:18:00	4030.06	4031.30	4025.80	4027.54	593	0	0
2026.07.01	16:19:00	4027.54	4027.83	4023.27	4024.41	517	0	0
2026.07.01	16:20:00	4024.41	4029.99	4024.40	4029.49	609	0	0
2026.07.01	16:21:00	4029.49	4029.87	4026.16	4028.80	506	0	0
2026.07.01	16:22:00	4028.84	4038.71	4028.37	4038.66	669	0	0
2026.07.01	16:23:00	4038.66	4043.36	4036.79	4041.37	693	0	0
2026.07.01	16:24:00	4041.37	4046.79	4041.32	4043.52	651	0	0
2026.07.01	16:25:00	4043.52	4044.49	4039.89	4040.14	560	0	0
2026.07.01	16:26:00	4040.14	4042.01	4037.74	4040.94	566	0	0
2026.07.01	16:27:00	4040.94	4042.94	4039.48	4042.78	544	0	0
2026.07.01	16:28:00	4042.81	4044.64	4041.51	4043.27	542	0	0
2026.07.01	16:29:00	4043.27	4047.33	4038.57	4046.99	687	0	0
2026.07.01	16:30:00	4046.99	4053.29	4041.84	4045.27	954	0	0
2026.07.01	16:31:00	4045.27	4051.40	4044.41	4048.62	744	0	0
2026.07.01	16:32:00	4048.62	4049.54	4043.59	4047.82	643	0	0
2026.07.01	16:33:00	4047.82	4048.19	4044.41	4047.60	537	0	0
2026.07.01	16:34:00	4045.93	4048.63	4045.08	4048.10	381	0	0
2026.07.01	16:35:00	4048.10	4051.25	4046.53	4048.81	689	0	0
2026.07.01	16:36:00	4048.81	4054.37	4048.44	4053.51	658	0	0
2026.07.01	16:37:00	4053.43	4058.48	4053.03	4057.30	644	0	0
2026.07.01	16:38:00	4057.30	4067.11	4056.13	4066.42	741	0	0
2026.07.01	16:39:00	4066.42	4071.84	4063.93	4071.32	766	0	0
2026.07.01	16:40:00	4071.32	4082.41	4069.47	4081.90	849	0	0
2026.07.01	16:41:00	4081.90	4081.90	4077.33	4077.49	903	0	0
2026.07.01	16:42:00	4077.45	4081.74	4076.23	4080.00	754	0	0
2026.07.01	16:43:00	4080.00	4087.60	4078.43	4087.60	871	0	0
2026.07.01	16:44:00	4087.60	4100.32	4087.10	4098.01	787	0	0
2026.07.01	16:45:00	4098.01	4108.04	4097.37	4107.14	1094	0	0
2026.07.01	16:46:00	4107.14	4107.60	4090.91	4092.84	917	0	0
2026.07.01	16:47:00	4092.84	4095.63	4084.95	4093.60	1038	0	0
2026.07.01	16:48:00	4093.70	4097.22	4092.57	4094.70	824	0	0
2026.07.01	16:49:00	4094.70	4095.30	4089.62	4089.96	661	0	0
2026.07.01	16:50:00	4089.96	4091.75	4085.44	4089.65	770	0	0
2026.07.01	16:51:00	4089.65	4097.72	4086.22	4090.89	800	0	0
2026.07.01	16:52:00	4090.89	4091.07	4086.67	4087.29	646	0	0
2026.07.01	16:53:00	4087.29	4089.40	4086.39	4086.95	778	0	0
2026.07.01	16:54:00	4086.95	4090.60	4086.82	4087.69	885	0	0
2026.07.01	16:55:00	4087.69	4090.96	4086.50	4087.03	831	0	0
2026.07.01	16:56:00	4087.03	4091.41	4086.50	4091.24	644	0	0
2026.07.01	16:57:00	4091.24	4093.16	4090.60	4091.34	539	0	0
2026.07.01	16:58:00	4091.32	4091.32	4086.48	4088.03	448	0	0
2026.07.01	16:59:00	4088.04	4090.18	4085.62	4089.40	576	0	0
2026.07.01	17:00:00	4089.40	4101.57	4089.40	4099.26	912	0	0
2026.07.01	17:01:00	4099.26	4099.28	4088.24	4088.24	764	0	0
2026.07.01	17:02:00	4088.01	4089.61	4083.96	4088.43	735	0	0
2026.07.01	17:03:00	4088.43	4089.39	4082.88	4084.19	659	0	0
2026.07.01	17:04:00	4084.19	4087.18	4083.18	4085.29	648	0	0
2026.07.01	17:05:00	4085.29	4090.84	4085.29	4090.56	596	0	0
2026.07.01	17:06:00	4090.56	4095.07	4090.18	4091.67	797	0	0
2026.07.01	17:07:00	4091.67	4094.80	4090.92	4092.01	578	0	0
2026.07.01	17:08:00	4092.01	4093.74	4091.43	4092.50	538	0	0
2026.07.01	17:09:00	4092.50	4095.92	4091.53	4094.35	689	0	0
2026.07.01	17:10:00	4094.35	4098.61	4093.93	4098.33	553	0	0
2026.07.01	17:11:00	4098.33	4099.81	4096.42	4097.25	608	0	0
2026.07.01	17:12:00	4097.25	4098.94	4094.11	4094.55	583	0	0
2026.07.01	17:13:00	4094.55	4097.32	4092.80	4094.05	565	0	0
2026.07.01	17:14:00	4094.05	4094.17	4092.44	4093.00	418	0	0
2026.07.01	17:15:00	4093.00	4093.00	4089.45	4090.67	534	0	0
2026.07.01	17:16:00	4092.90	4094.21	4091.34	4092.17	403	0	0
2026.07.01	17:17:00	4092.17	4095.72	4090.08	4095.61	485	0	0
2026.07.01	17:18:00	4095.76	4098.77	4092.61	4093.77	520	0	0
2026.07.01	17:19:00	4093.77	4095.08	4091.77	4094.86	506	0	0
2026.07.01	17:20:00	4094.84	4101.53	4094.11	4097.92	601	0	0
2026.07.01	17:21:00	4097.92	4099.66	4096.65	4096.93	492	0	0
2026.07.01	17:22:00	4096.90	4100.00	4095.88	4098.96	650	0	0
2026.07.01	17:23:00	4098.96	4105.65	4098.72	4103.88	727	0	0
2026.07.01	17:24:00	4103.88	4106.29	4103.53	4104.67	611	0	0
2026.07.01	17:25:00	4104.71	4106.82	4102.51	4102.99	780	0	0
2026.07.01	17:26:00	4102.99	4102.99	4097.17	4098.29	941	0	0
2026.07.01	17:27:00	4098.29	4100.18	4095.85	4099.89	665	0	0
2026.07.01	17:28:00	4099.89	4101.68	4098.94	4099.84	524	0	0
2026.07.01	17:29:00	4099.85	4101.61	4099.36	4100.63	610	0	0
2026.07.01	17:30:00	4100.63	4102.86	4099.84	4100.78	581	0	0
2026.07.01	17:31:00	4100.76	4102.69	4100.25	4101.49	555	0	0
2026.07.01	17:32:00	4101.49	4103.39	4099.82	4099.99	589	0	0
2026.07.01	17:33:00	4100.01	4102.71	4098.36	4101.52	706	0	0
2026.07.01	17:34:00	4101.52	4111.18	4100.63	4111.03	753	0	0
2026.07.01	17:35:00	4111.03	4114.79	4109.93	4112.86	712	0	0
2026.07.01	17:36:00	4112.87	4115.79	4109.43	4112.39	735	0	0
2026.07.01	17:37:00	4112.39	4114.83	4109.87	4109.87	647	0	0
2026.07.01	17:38:00	4109.87	4109.87	4106.66	4107.25	559	0	0
2026.07.01	17:39:00	4107.25	4109.91	4105.61	4106.00	562	0	0
2026.07.01	17:40:00	4106.00	4106.87	4105.05	4105.25	544	0	0
2026.07.01	17:41:00	4105.23	4105.84	4097.19	4097.86	876	0	0
2026.07.01	17:42:00	4097.86	4099.27	4095.58	4095.91	627	0	0
2026.07.01	17:43:00	4095.91	4096.70	4094.69	4094.74	471	0	0
2026.07.01	17:44:00	4094.74	4095.68	4091.96	4093.02	610	0	0
2026.07.01	17:45:00	4093.02	4095.14	4091.48	4092.19	655	0	0
2026.07.01	17:46:00	4092.19	4093.13	4088.45	4089.82	604	0	0
2026.07.01	17:47:00	4089.83	4093.63	4089.66	4091.61	517	0	0
2026.07.01	17:48:00	4091.61	4091.90	4089.54	4090.30	615	0	0
2026.07.01	17:49:00	4090.28	4090.34	4087.03	4088.96	605	0	0
2026.07.01	17:50:00	4088.96	4090.23	4087.60	4088.36	649	0	0
2026.07.01	17:51:00	4088.36	4091.17	4088.22	4088.97	596	0	0
2026.07.01	17:52:00	4088.96	4090.12	4086.43	4089.47	433	0	0
2026.07.01	17:53:00	4089.47	4091.47	4089.20	4089.44	442	0	0
2026.07.01	17:54:00	4089.44	4090.86	4088.91	4089.49	540	0	0
2026.07.01	17:55:00	4089.49	4092.31	4089.09	4091.33	568	0	0
2026.07.01	17:56:00	4091.33	4092.94	4090.90	4092.40	504	0	0
2026.07.01	17:57:00	4092.40	4095.06	4092.40	4093.78	589	0	0
2026.07.01	17:58:00	4093.73	4093.75	4091.74	4092.68	603	0	0
2026.07.01	17:59:00	4092.68	4093.49	4091.18	4093.46	576	0	0
2026.07.01	18:00:00	4093.46	4094.59	4090.98	4091.26	713	0	0
2026.07.01	18:01:00	4091.26	4092.54	4088.20	4090.27	728	0	0
2026.07.01	18:02:00	4090.27	4092.26	4089.83	4090.75	689	0	0
2026.07.01	18:03:00	4090.75	4091.95	4089.05	4090.16	655	0	0
2026.07.01	18:04:00	4090.16	4091.65	4089.44	4089.64	637	0	0
2026.07.01	18:05:00	4089.58	4091.19	4088.78	4090.44	561	0	0
2026.07.01	18:06:00	4090.44	4090.53	4087.85	4089.88	653	0	0
2026.07.01	18:07:00	4089.88	4093.66	4087.95	4088.50	829	0	0
2026.07.01	18:08:00	4088.51	4088.54	4085.16	4087.42	818	0	0
2026.07.01	18:09:00	4087.42	4087.94	4083.56	4084.36	722	0	0
2026.07.01	18:10:00	4084.36	4086.15	4083.69	4086.00	627	0	0
2026.07.01	18:11:00	4086.00	4086.48	4082.01	4083.40	594	0	0
2026.07.01	18:12:00	4083.40	4085.64	4082.73	4084.61	545	0	0
2026.07.01	18:13:00	4084.58	4085.47	4082.63	4083.73	431	0	0
2026.07.01	18:14:00	4083.73	4085.59	4081.87	4085.17	440	0	0
2026.07.01	18:15:00	4085.17	4089.19	4085.14	4087.45	482	0	0
2026.07.01	18:16:00	4087.45	4089.04	4086.66	4088.55	515	0	0
2026.07.01	18:17:00	4088.55	4092.05	4088.49	4091.29	504	0	0
2026.07.01	18:18:00	4091.22	4091.22	4087.66	4088.51	470	0	0
2026.07.01	18:19:00	4088.51	4088.56	4086.29	4086.97	416	0	0
2026.07.01	18:20:00	4086.97	4087.55	4085.06	4087.32	448	0	0
2026.07.01	18:21:00	4087.32	4090.07	4087.15	4087.15	458	0	0
2026.07.01	18:22:00	4087.14	4087.16	4084.14	4084.14	436	0	0
2026.07.01	18:23:00	4084.13	4085.19	4079.81	4080.10	730	0	0
2026.07.01	18:24:00	4080.11	4081.00	4078.68	4080.93	559	0	0
2026.07.01	18:25:00	4080.95	4082.00	4079.33	4080.40	515	0	0
2026.07.01	18:26:00	4080.40	4082.59	4079.67	4082.33	540	0	0
2026.07.01	18:27:00	4082.33	4083.61	4080.00	4082.98	521	0	0
2026.07.01	18:28:00	4082.99	4084.25	4082.50	4083.33	405	0	0
2026.07.01	18:29:00	4083.33	4084.93	4083.29	4083.83	391	0	0
2026.07.01	18:30:00	4083.83	4084.06	4078.45	4081.79	676	0	0
2026.07.01	18:31:00	4081.81	4081.99	4079.73	4081.33	397	0	0
2026.07.01	18:32:00	4081.33	4082.68	4080.10	4081.27	599	0	0
2026.07.01	18:33:00	4081.27	4082.31	4078.40	4078.81	597	0	0
2026.07.01	18:34:00	4078.81	4080.06	4077.93	4078.21	719	0	0
2026.07.01	18:35:00	4078.21	4079.46	4076.78	4078.22	575	0	0
2026.07.01	18:36:00	4078.22	4079.20	4077.76	4078.15	527	0	0
2026.07.01	18:37:00	4078.15	4080.13	4078.15	4079.06	416	0	0
2026.07.01	18:38:00	4079.06	4081.45	4078.94	4080.63	401	0	0
2026.07.01	18:39:00	4080.63	4081.11	4079.87	4080.86	513	0	0
2026.07.01	18:40:00	4080.86	4081.90	4078.96	4081.87	407	0	0
2026.07.01	18:41:00	4081.87	4082.11	4079.56	4080.15	417	0	0
2026.07.01	18:42:00	4080.15	4082.64	4079.88	4081.82	379	0	0
2026.07.01	18:43:00	4081.87	4082.89	4081.10	4082.77	429	0	0
2026.07.01	18:44:00	4082.77	4082.79	4081.04	4082.49	443	0	0
2026.07.01	18:45:00	4082.49	4085.53	4082.26	4084.69	477	0	0
2026.07.01	18:46:00	4084.70	4084.76	4082.22	4082.40	381	0	0
2026.07.01	18:47:00	4082.40	4083.93	4081.52	4083.89	379	0	0
2026.07.01	18:48:00	4083.91	4084.60	4083.03	4083.23	340	0	0
2026.07.01	18:49:00	4083.23	4084.20	4082.48	4084.05	355	0	0
2026.07.01	18:50:00	4084.05	4087.95	4084.05	4085.34	459	0	0
2026.07.01	18:51:00	4085.32	4086.53	4085.26	4086.36	428	0	0
2026.07.01	18:52:00	4086.36	4086.46	4083.96	4085.01	349	0	0
2026.07.01	18:53:00	4085.01	4086.40	4084.78	4085.51	347	0	0
2026.07.01	18:54:00	4085.51	4085.89	4083.32	4084.37	367	0	0
2026.07.01	18:55:00	4084.37	4084.45	4081.06	4081.23	377	0	0
2026.07.01	18:56:00	4081.23	4081.57	4080.26	4081.26	384	0	0
2026.07.01	18:57:00	4081.26	4081.44	4079.66	4080.64	407	0	0
2026.07.01	18:58:00	4080.64	4080.64	4079.59	4079.66	313	0	0
2026.07.01	18:59:00	4079.66	4082.03	4079.66	4081.19	357	0	0
2026.07.01	19:00:00	4081.16	4085.76	4081.16	4085.63	522	0	0
2026.07.01	19:01:00	4085.63	4085.68	4083.29	4084.47	392	0	0
2026.07.01	19:02:00	4084.47	4085.69	4084.36	4085.49	450	0	0
2026.07.01	19:03:00	4085.49	4087.04	4085.18	4085.41	367	0	0
2026.07.01	19:04:00	4085.36	4086.19	4084.55	4085.51	395	0	0
2026.07.01	19:05:00	4085.51	4086.47	4084.46	4086.40	375	0	0
2026.07.01	19:06:00	4086.40	4088.54	4085.75	4087.98	363	0	0
2026.07.01	19:07:00	4087.98	4087.98	4086.51	4087.59	424	0	0
2026.07.01	19:08:00	4087.59	4087.83	4084.91	4084.96	389	0	0
2026.07.01	19:09:00	4084.95	4085.32	4084.13	4084.17	419	0	0
2026.07.01	19:10:00	4084.21	4084.67	4082.50	4082.87	396	0	0
2026.07.01	19:11:00	4082.87	4083.69	4082.66	4083.28	330	0	0
2026.07.01	19:12:00	4083.28	4084.74	4082.80	4084.52	324	0	0
2026.07.01	19:13:00	4084.52	4084.78	4082.92	4083.03	338	0	0
2026.07.01	19:14:00	4083.04	4083.43	4081.82	4082.56	304	0	0
2026.07.01	19:15:00	4082.51	4083.78	4082.46	4083.35	306	0	0
2026.07.01	19:16:00	4083.35	4083.40	4081.70	4082.82	405	0	0
2026.07.01	19:17:00	4082.85	4084.10	4082.52	4083.61	335	0	0
2026.07.01	19:18:00	4083.61	4083.61	4081.45	4081.96	413	0	0
2026.07.01	19:19:00	4081.97	4084.66	4081.88	4084.12	447	0	0
2026.07.01	19:20:00	4084.15	4085.17	4082.50	4083.20	414	0	0
2026.07.01	19:21:00	4083.20	4083.36	4081.26	4083.30	347	0	0
2026.07.01	19:22:00	4083.30	4083.31	4081.88	4082.27	470	0	0
2026.07.01	19:23:00	4082.27	4083.56	4081.99	4083.11	302	0	0
2026.07.01	19:24:00	4083.16	4083.22	4080.48	4081.90	290	0	0
2026.07.01	19:25:00	4081.90	4083.19	4081.68	4083.12	366	0	0
2026.07.01	19:26:00	4083.12	4083.27	4082.43	4083.05	270	0	0
2026.07.01	19:27:00	4083.04	4084.33	4082.96	4083.35	322	0	0
2026.07.01	19:28:00	4083.35	4084.19	4083.17	4083.76	287	0	0
2026.07.01	19:29:00	4083.75	4083.87	4081.35	4081.45	290	0	0
2026.07.01	19:30:00	4081.46	4083.40	4081.46	4082.90	256	0	0
2026.07.01	19:31:00	4082.90	4082.90	4079.08	4080.22	395	0	0
2026.07.01	19:32:00	4080.22	4081.39	4077.27	4077.71	372	0	0
2026.07.01	19:33:00	4077.71	4079.33	4077.54	4078.98	290	0	0
2026.07.01	19:34:00	4079.03	4079.12	4075.37	4076.33	414	0	0
2026.07.01	19:35:00	4076.33	4077.91	4076.33	4077.89	331	0	0
2026.07.01	19:36:00	4077.89	4078.88	4076.97	4078.21	363	0	0
2026.07.01	19:37:00	4078.21	4079.23	4077.59	4079.22	330	0	0
2026.07.01	19:38:00	4079.22	4080.33	4078.60	4078.61	252	0	0
2026.07.01	19:39:00	4078.65	4078.74	4077.03	4077.18	287	0	0
2026.07.01	19:40:00	4077.18	4077.52	4075.96	4076.01	318	0	0
2026.07.01	19:41:00	4076.01	4076.84	4075.12	4075.76	323	0	0
2026.07.01	19:42:00	4075.76	4076.81	4075.64	4076.28	312	0	0
2026.07.01	19:43:00	4076.28	4076.47	4072.80	4072.82	359	0	0
2026.07.01	19:44:00	4072.82	4074.69	4072.82	4074.55	312	0	0
2026.07.01	19:45:00	4074.55	4076.45	4074.31	4075.19	343	0	0
2026.07.01	19:46:00	4075.19	4075.23	4074.18	4074.57	379	0	0
2026.07.01	19:47:00	4074.57	4075.76	4074.47	4075.01	383	0	0
2026.07.01	19:48:00	4075.01	4075.01	4072.77	4072.77	444	0	0
2026.07.01	19:49:00	4072.77	4074.08	4072.77	4073.28	375	0	0
2026.07.01	19:50:00	4073.28	4074.23	4072.30	4074.08	480	0	0
2026.07.01	19:51:00	4074.08	4074.44	4070.87	4071.78	350	0	0
2026.07.01	19:52:00	4071.78	4073.35	4071.45	4071.84	363	0	0
2026.07.01	19:53:00	4071.84	4074.57	4071.82	4073.73	392	0	0
2026.07.01	19:54:00	4073.75	4073.86	4072.71	4073.20	342	0	0
2026.07.01	19:55:00	4073.20	4073.34	4072.30	4072.52	428	0	0
2026.07.01	19:56:00	4072.52	4072.94	4071.47	4072.89	410	0	0
2026.07.01	19:57:00	4072.89	4073.02	4071.73	4072.20	429	0	0
2026.07.01	19:58:00	4072.19	4072.83	4071.42	4071.84	360	0	0
2026.07.01	19:59:00	4071.81	4071.81	4070.57	4071.11	607	0	0
2026.07.01	20:00:00	4071.14	4071.95	4069.82	4070.83	450	0	0
2026.07.01	20:01:00	4070.83	4073.42	4070.83	4072.35	423	0	0
2026.07.01	20:02:00	4072.36	4073.67	4071.58	4073.09	387	0	0
2026.07.01	20:03:00	4073.09	4073.14	4070.10	4070.66	328	0	0
2026.07.01	20:04:00	4070.66	4072.08	4070.66	4071.68	272	0	0
2026.07.01	20:05:00	4071.66	4071.66	4069.87	4071.05	303	0	0
2026.07.01	20:06:00	4071.05	4071.11	4068.39	4068.73	380	0	0
2026.07.01	20:07:00	4068.73	4071.07	4068.73	4069.21	344	0	0
2026.07.01	20:08:00	4069.21	4070.17	4068.70	4069.81	346	0	0
2026.07.01	20:09:00	4069.81	4070.17	4068.26	4068.98	393	0	0
2026.07.01	20:10:00	4068.98	4069.51	4068.08	4069.49	427	0	0
2026.07.01	20:11:00	4069.49	4069.50	4067.74	4068.66	347	0	0
2026.07.01	20:12:00	4068.66	4069.98	4068.66	4069.95	290	0	0
2026.07.01	20:13:00	4069.95	4070.11	4067.92	4069.57	325	0	0
2026.07.01	20:14:00	4069.57	4071.81	4069.53	4071.33	303	0	0
2026.07.01	20:15:00	4071.34	4072.14	4071.00	4071.61	346	0	0
2026.07.01	20:16:00	4071.56	4071.80	4070.19	4070.74	330	0	0
2026.07.01	20:17:00	4070.74	4071.19	4069.45	4069.96	360	0	0
2026.07.01	20:18:00	4069.96	4070.07	4067.87	4067.97	298	0	0
2026.07.01	20:19:00	4067.97	4070.17	4067.97	4070.16	284	0	0
2026.07.01	20:20:00	4070.16	4071.61	4070.14	4071.12	324	0	0
2026.07.01	20:21:00	4071.12	4071.29	4069.29	4069.55	267	0	0
2026.07.01	20:22:00	4069.55	4070.93	4069.42	4070.70	282	0	0
2026.07.01	20:23:00	4070.69	4071.38	4070.06	4070.49	295	0	0
2026.07.01	20:24:00	4070.49	4071.76	4069.90	4070.27	396	0	0
2026.07.01	20:25:00	4070.25	4070.80	4069.62	4070.34	288	0	0
2026.07.01	20:26:00	4070.34	4070.64	4069.58	4070.16	294	0	0
2026.07.01	20:27:00	4070.16	4070.69	4069.72	4070.35	283	0	0
2026.07.01	20:28:00	4070.35	4070.35	4068.34	4068.49	383	0	0
2026.07.01	20:29:00	4068.49	4070.48	4067.81	4068.08	467	0	0
2026.07.01	20:30:00	4068.08	4071.77	4068.05	4071.17	270	0	0
2026.07.01	20:31:00	4071.17	4072.16	4070.62	4070.63	291	0	0
2026.07.01	20:32:00	4070.63	4070.72	4068.29	4069.52	386	0	0
2026.07.01	20:33:00	4069.52	4070.44	4068.77	4070.16	355	0	0
2026.07.01	20:34:00	4070.14	4070.98	4069.73	4070.71	365	0	0
2026.07.01	20:35:00	4070.71	4070.74	4069.93	4070.66	327	0	0
2026.07.01	20:36:00	4070.75	4070.91	4070.18	4070.79	288	0	0
2026.07.01	20:37:00	4070.79	4071.87	4070.51	4071.26	300	0	0
2026.07.01	20:38:00	4071.26	4071.68	4070.55	4070.89	337	0	0
2026.07.01	20:39:00	4070.89	4071.44	4070.59	4071.06	379	0	0
2026.07.01	20:40:00	4071.06	4071.60	4069.82	4071.33	325	0	0
2026.07.01	20:41:00	4071.33	4072.66	4070.85	4072.66	330	0	0
2026.07.01	20:42:00	4072.66	4073.30	4071.79	4072.26	246	0	0
2026.07.01	20:43:00	4072.26	4072.32	4071.43	4072.21	243	0	0
2026.07.01	20:44:00	4072.21	4072.26	4070.53	4070.98	264	0	0
2026.07.01	20:45:00	4070.98	4071.30	4070.37	4071.06	354	0	0
2026.07.01	20:46:00	4071.04	4071.87	4070.92	4071.41	258	0	0
2026.07.01	20:47:00	4071.41	4071.47	4070.22	4070.91	218	0	0
2026.07.01	20:48:00	4070.91	4071.57	4070.42	4070.93	287	0	0
2026.07.01	20:49:00	4070.93	4071.32	4070.58	4071.29	191	0	0
2026.07.01	20:50:00	4071.29	4072.16	4071.23	4071.23	250	0	0
2026.07.01	20:51:00	4071.23	4072.49	4070.96	4071.66	290	0	0
2026.07.01	20:52:00	4071.67	4072.14	4070.23	4071.13	281	0	0
2026.07.01	20:53:00	4071.13	4071.48	4070.91	4071.22	235	0	5
2026.07.01	20:54:00	4071.22	4071.41	4069.30	4070.21	250	0	0
2026.07.01	20:55:00	4070.21	4070.45	4068.24	4068.26	290	0	0
2026.07.01	20:56:00	4068.26	4069.72	4067.39	4069.16	324	0	0
2026.07.01	20:57:00	4069.16	4069.57	4067.72	4068.07	251	0	0
2026.07.01	20:58:00	4068.05	4068.59	4067.29	4067.64	271	0	0
2026.07.01	20:59:00	4067.64	4068.68	4067.61	4068.25	262	0	0
2026.07.01	21:00:00	4068.23	4070.41	4068.12	4069.30	278	0	0
2026.07.01	21:01:00	4069.30	4070.18	4069.20	4069.70	281	0	0
2026.07.01	21:02:00	4069.65	4069.74	4068.27	4069.34	353	0	0
2026.07.01	21:03:00	4069.34	4070.41	4069.30	4070.12	307	0	0
2026.07.01	21:04:00	4070.12	4070.40	4069.65	4070.23	404	0	0
2026.07.01	21:05:00	4070.26	4070.27	4069.23	4069.96	280	0	0
2026.07.01	21:06:00	4069.96	4070.20	4068.75	4069.02	351	0	0
2026.07.01	21:07:00	4069.02	4069.82	4068.95	4069.11	252	0	0
2026.07.01	21:08:00	4069.11	4069.11	4068.06	4068.40	235	0	0
2026.07.01	21:09:00	4068.40	4069.19	4067.94	4067.96	309	0	0
2026.07.01	21:10:00	4067.96	4068.98	4067.76	4067.78	241	0	0
2026.07.01	21:11:00	4067.78	4068.58	4067.29	4067.61	300	0	0
2026.07.01	21:12:00	4067.61	4068.13	4067.27	4067.52	266	0	1
2026.07.01	21:13:00	4067.52	4069.66	4067.33	4069.64	319	0	0
2026.07.01	21:14:00	4069.64	4070.77	4069.01	4069.08	238	0	0
2026.07.01	21:15:00	4069.01	4069.23	4068.10	4068.54	328	0	0
2026.07.01	21:16:00	4068.53	4068.60	4067.52	4068.43	306	0	0
2026.07.01	21:17:00	4068.43	4068.68	4067.88	4068.15	280	0	0
2026.07.01	21:18:00	4068.15	4068.66	4064.82	4065.85	338	0	0
2026.07.01	21:19:00	4065.85	4066.71	4065.85	4066.63	268	0	0
2026.07.01	21:20:00	4066.42	4066.89	4064.75	4065.21	229	0	0
2026.07.01	21:21:00	4065.21	4065.82	4063.75	4063.81	380	0	0
2026.07.01	21:22:00	4063.81	4066.08	4063.81	4066.05	262	0	0
2026.07.01	21:23:00	4066.08	4066.23	4063.78	4063.78	251	0	0
2026.07.01	21:24:00	4063.78	4065.10	4063.77	4065.08	252	0	0
2026.07.01	21:25:00	4065.12	4065.85	4064.93	4065.10	257	0	0
2026.07.01	21:26:00	4065.10	4065.10	4063.96	4064.13	263	0	0
2026.07.01	21:27:00	4064.12	4064.44	4063.42	4063.66	296	0	0
2026.07.01	21:28:00	4063.66	4063.76	4062.74	4063.51	316	0	0
2026.07.01	21:29:00	4063.51	4063.78	4061.10	4061.32	446	0	0
2026.07.01	21:30:00	4061.32	4063.72	4061.32	4062.82	358	0	0
2026.07.01	21:31:00	4062.82	4063.99	4062.73	4063.61	302	0	0
2026.07.01	21:32:00	4063.61	4064.06	4063.35	4063.89	240	0	0
2026.07.01	21:33:00	4063.89	4066.09	4063.76	4066.08	267	0	0
2026.07.01	21:34:00	4066.05	4066.05	4064.62	4064.85	372	0	0
2026.07.01	21:35:00	4064.85	4065.18	4064.22	4064.69	289	0	0
2026.07.01	21:36:00	4064.68	4064.75	4063.17	4063.42	307	0	0
2026.07.01	21:37:00	4063.40	4064.09	4063.21	4063.97	237	0	0
2026.07.01	21:38:00	4063.96	4064.94	4063.63	4064.79	243	0	0
2026.07.01	21:39:00	4064.79	4065.20	4063.46	4063.53	307	0	0
2026.07.01	21:40:00	4063.53	4063.66	4062.10	4062.53	317	0	0
2026.07.01	21:41:00	4062.53	4063.14	4062.26	4062.27	294	0	0
2026.07.01	21:42:00	4062.27	4062.57	4061.47	4062.05	388	0	0
2026.07.01	21:43:00	4062.05	4063.03	4061.45	4063.02	259	0	0
2026.07.01	21:44:00	4063.02	4063.07	4062.06	4063.05	264	0	0
2026.07.01	21:45:00	4063.06	4063.06	4061.80	4062.11	322	0	0
2026.07.01	21:46:00	4062.11	4063.20	4061.94	4063.08	328	0	0
2026.07.01	21:47:00	4063.08	4063.12	4061.73	4061.83	318	0	0
2026.07.01	21:48:00	4061.83	4062.66	4060.95	4062.55	374	0	0
2026.07.01	21:49:00	4062.55	4062.88	4061.41	4061.60	293	0	0
2026.07.01	21:50:00	4061.60	4062.22	4061.04	4061.20	118	0	0
2026.07.01	21:51:00	4059.88	4059.88	4058.92	4059.58	258	0	0
2026.07.01	21:52:00	4059.58	4060.23	4058.81	4059.03	240	0	0
2026.07.01	21:53:00	4059.03	4059.07	4057.85	4058.63	438	0	0
2026.07.01	21:54:00	4058.63	4059.39	4058.45	4058.55	280	0	4
2026.07.01	21:55:00	4058.55	4059.94	4058.27	4059.64	373	0	0
2026.07.01	21:56:00	4059.64	4061.04	4058.92	4060.90	262	0	0
2026.07.01	21:57:00	4060.86	4061.83	4060.76	4061.68	213	0	0
2026.07.01	21:58:00	4061.68	4062.62	4061.39	4062.37	282	0	0
2026.07.01	21:59:00	4062.36	4062.49	4061.62	4062.21	463	0	0
2026.07.01	22:00:00	4062.20	4065.72	4061.74	4065.48	345	0	0
2026.07.01	22:01:00	4065.48	4066.63	4064.81	4065.54	281	0	0
2026.07.01	22:02:00	4065.54	4065.93	4064.88	4064.88	265	0	0
2026.07.01	22:03:00	4064.88	4065.00	4064.17	4064.76	265	0	0
2026.07.01	22:04:00	4064.76	4066.21	4064.22	4066.21	315	0	0
2026.07.01	22:05:00	4066.21	4066.60	4065.15	4065.66	328	0	0
2026.07.01	22:06:00	4065.66	4065.66	4064.26	4065.00	272	0	0
2026.07.01	22:07:00	4064.99	4065.80	4064.86	4065.25	258	0	0
2026.07.01	22:08:00	4065.25	4067.93	4065.15	4067.56	283	0	0
2026.07.01	22:09:00	4067.56	4068.37	4067.11	4067.56	269	0	0
2026.07.01	22:10:00	4067.56	4067.56	4066.37	4066.79	274	0	0
2026.07.01	22:11:00	4066.79	4066.79	4065.04	4065.04	231	0	0
2026.07.01	22:12:00	4065.04	4065.37	4064.45	4065.15	229	0	0
2026.07.01	22:13:00	4065.15	4065.68	4064.87	4065.07	325	0	0
2026.07.01	22:14:00	4065.06	4066.41	4065.02	4065.50	240	0	0
2026.07.01	22:15:00	4065.52	4066.01	4065.19	4065.60	239	0	0
2026.07.01	22:16:00	4065.60	4066.22	4064.79	4065.01	249	0	0
2026.07.01	22:17:00	4065.00	4065.24	4063.92	4064.07	227	0	0
2026.07.01	22:18:00	4064.07	4064.07	4062.90	4062.95	196	0	0
2026.07.01	22:19:00	4062.95	4063.25	4061.30	4061.56	276	0	0
2026.07.01	22:20:00	4061.56	4062.36	4061.17	4061.22	253	0	0
2026.07.01	22:21:00	4061.22	4061.22	4059.44	4060.17	286	0	0
2026.07.01	22:22:00	4060.17	4060.21	4059.10	4059.59	315	0	0
2026.07.01	22:23:00	4059.59	4059.81	4058.38	4058.38	313	0	0
2026.07.01	22:24:00	4058.38	4058.95	4056.56	4056.77	335	0	0
2026.07.01	22:25:00	4056.77	4058.38	4056.74	4058.38	292	0	0
2026.07.01	22:26:00	4058.38	4059.65	4058.26	4058.72	298	0	0
2026.07.01	22:27:00	4058.72	4058.80	4057.74	4058.62	256	0	0
2026.07.01	22:28:00	4058.62	4059.16	4058.23	4058.99	266	0	0
2026.07.01	22:29:00	4058.99	4059.66	4058.91	4058.91	215	0	0
2026.07.01	22:30:00	4058.91	4059.73	4058.61	4059.25	249	0	0
2026.07.01	22:31:00	4059.24	4059.24	4057.86	4058.22	260	0	0
2026.07.01	22:32:00	4058.22	4058.23	4056.87	4057.47	224	0	0
2026.07.01	22:33:00	4057.47	4058.16	4057.07	4057.30	271	0	0
2026.07.01	22:34:00	4057.30	4057.42	4055.98	4056.55	270	0	0
2026.07.01	22:35:00	4056.55	4056.90	4055.86	4056.56	246	0	0
2026.07.01	22:36:00	4056.56	4056.87	4055.71	4056.27	334	0	0
2026.07.01	22:37:00	4056.27	4056.43	4055.34	4055.96	371	0	0
2026.07.01	22:38:00	4055.95	4056.09	4055.60	4055.73	235	0	0
2026.07.01	22:39:00	4055.73	4056.30	4055.73	4055.81	180	0	3
2026.07.01	22:40:00	4055.81	4055.95	4054.37	4054.71	504	0	0
2026.07.01	22:41:00	4054.71	4055.56	4054.61	4054.74	272	0	0
2026.07.01	22:42:00	4054.83	4054.85	4053.82	4054.03	319	0	0
2026.07.01	22:43:00	4054.10	4054.46	4053.74	4054.04	253	0	0
2026.07.01	22:44:00	4054.04	4054.04	4052.92	4053.87	326	0	0
2026.07.01	22:45:00	4053.87	4054.28	4050.91	4051.61	395	0	0
2026.07.01	22:46:00	4051.67	4052.33	4051.48	4051.86	570	0	0
2026.07.01	22:47:00	4051.86	4053.50	4051.79	4053.14	296	0	0
2026.07.01	22:48:00	4053.11	4053.49	4052.71	4052.76	233	0	0
2026.07.01	22:49:00	4052.76	4053.16	4051.63	4052.12	252	0	0
2026.07.01	22:50:00	4052.12	4052.54	4048.69	4049.89	461	0	0
2026.07.01	22:51:00	4049.88	4049.89	4045.88	4046.03	347	0	0
2026.07.01	22:52:00	4046.03	4046.10	4038.88	4041.43	799	0	0
2026.07.01	22:53:00	4041.43	4042.55	4039.41	4041.94	557	0	0
2026.07.01	22:54:00	4041.95	4042.67	4041.18	4041.36	574	0	0
2026.07.01	22:55:00	4041.36	4042.07	4039.25	4039.54	611	0	0
2026.07.01	22:56:00	4039.54	4039.91	4036.99	4037.91	551	0	0
2026.07.01	22:57:00	4037.91	4037.91	4034.48	4036.48	604	0	0
2026.07.01	22:58:00	4036.48	4039.30	4036.36	4039.30	545	0	0
2026.07.01	22:59:00	4039.30	4039.74	4037.70	4038.77	405	0	0
2026.07.02	01:00:00	3998.58	4035.01	3998.58	4033.34	467	0	48
2026.07.02	01:01:00	4033.34	4035.41	4033.34	4034.74	148	0	88
2026.07.02	01:02:00	4034.74	4038.37	4034.74	4038.11	155	0	47
2026.07.02	01:03:00	4038.11	4038.15	4035.95	4036.33	154	0	71
2026.07.02	01:04:00	4036.33	4039.03	4036.13	4038.97	123	0	84
2026.07.02	01:05:00	4038.97	4039.45	4037.76	4038.99	189	0	13
2026.07.02	01:06:00	4038.99	4039.58	4038.30	4039.50	102	0	19
2026.07.02	01:07:00	4039.50	4040.73	4038.83	4040.73	196	0	17
2026.07.02	01:08:00	4040.74	4040.87	4037.09	4037.21	239	0	9
2026.07.02	01:09:00	4037.07	4037.74	4035.29	4035.48	200	0	14
2026.07.02	01:10:00	4035.53	4036.99	4035.50	4035.79	191	0	0
2026.07.02	01:11:00	4035.79	4037.70	4035.79	4037.43	148	0	0
2026.07.02	01:12:00	4037.45	4037.66	4036.40	4036.50	158	0	0
2026.07.02	01:13:00	4036.50	4037.14	4035.95	4036.89	105	0	0
2026.07.02	01:14:00	4036.89	4037.54	4036.69	4036.70	103	0	0
2026.07.02	01:15:00	4036.70	4037.17	4035.93	4035.95	153	0	0
2026.07.02	01:16:00	4035.95	4036.40	4035.30	4036.32	136	0	0
2026.07.02	01:17:00	4036.30	4036.41	4034.79	4035.10	158	0	0
2026.07.02	01:18:00	4035.08	4036.98	4035.01	4036.73	169	0	0
2026.07.02	01:19:00	4036.79	4037.62	4035.86	4035.86	184	0	0
2026.07.02	01:20:00	4035.86	4037.83	4035.64	4037.83	213	0	0
2026.07.02	01:21:00	4037.82	4037.82	4036.91	4037.16	182	0	0
2026.07.02	01:22:00	4037.16	4037.29	4035.46	4037.24	176	0	0
2026.07.02	01:23:00	4037.24	4038.18	4036.90	4038.01	185	0	0
2026.07.02	01:24:00	4038.01	4039.07	4037.00	4038.62	177	0	0
2026.07.02	01:25:00	4038.60	4038.64	4037.66	4038.41	140	0	0
2026.07.02	01:26:00	4038.41	4038.56	4037.76	4038.53	115	0	0
2026.07.02	01:27:00	4038.53	4039.25	4037.98	4039.09	123	0	0
2026.07.02	01:28:00	4039.09	4039.21	4038.24	4038.61	154	0	0
2026.07.02	01:29:00	4038.61	4038.76	4038.14	4038.34	86	0	0
2026.07.02	01:30:00	4038.34	4038.34	4037.38	4037.71	179	0	18
2026.07.02	01:31:00	4037.72	4038.46	4037.16	4037.16	204	0	0
2026.07.02	01:32:00	4037.16	4038.76	4037.06	4037.94	176	0	2
2026.07.02	01:33:00	4037.94	4038.61	4037.42	4038.30	147	0	4
2026.07.02	01:34:00	4038.30	4038.33	4037.38	4037.98	106	0	5
2026.07.02	01:35:00	4037.99	4039.04	4037.31	4038.68	158	0	0
2026.07.02	01:36:00	4038.68	4040.35	4038.68	4039.52	146	0	16
2026.07.02	01:37:00	4039.51	4039.91	4038.44	4039.67	122	0	0
2026.07.02	01:38:00	4039.67	4039.90	4038.74	4039.67	136	0	16
2026.07.02	01:39:00	4039.67	4040.33	4038.93	4039.82	154	0	10
2026.07.02	01:40:00	4039.82	4040.05	4039.17	4039.51	105	0	20
2026.07.02	01:41:00	4039.51	4039.62	4039.11	4039.28	111	0	15
2026.07.02	01:42:00	4039.28	4040.77	4039.28	4039.98	144	0	19
2026.07.02	01:43:00	4039.98	4040.50	4039.77	4039.96	103	0	10
2026.07.02	01:44:00	4039.96	4040.36	4039.10	4039.93	158	0	0
2026.07.02	01:45:00	4039.93	4041.52	4039.84	4041.12	164	0	0
2026.07.02	01:46:00	4041.13	4042.39	4040.76	4042.28	144	0	18
2026.07.02	01:47:00	4042.30	4043.90	4041.99	4043.90	188	0	0
2026.07.02	01:48:00	4043.90	4043.96	4042.33	4043.01	152	0	0
2026.07.02	01:49:00	4043.01	4043.90	4042.53	4043.88	106	0	19
2026.07.02	01:50:00	4043.88	4044.48	4043.33	4043.84	146	0	12
2026.07.02	01:51:00	4043.80	4043.89	4043.17	4043.46	139	0	18
2026.07.02	01:52:00	4043.46	4043.99	4043.21	4043.23	93	0	0
2026.07.02	01:53:00	4043.25	4043.94	4043.00	4043.48	91	0	0
2026.07.02	01:54:00	4043.51	4043.55	4042.47	4042.62	116	0	6
2026.07.02	01:55:00	4042.62	4043.60	4042.62	4043.46	116	0	20
2026.07.02	01:56:00	4043.46	4043.51	4043.21	4043.41	82	0	21
2026.07.02	01:57:00	4043.41	4043.79	4043.39	4043.58	63	0	9
2026.07.02	01:58:00	4043.59	4044.57	4043.56	4044.26	111	0	1
2026.07.02	01:59:00	4044.26	4045.23	4043.97	4045.07	122	0	10
2026.07.02	02:00:00	4045.05	4045.08	4043.52	4043.64	164	0	4
2026.07.02	02:01:00	4043.64	4044.06	4043.12	4043.77	118	0	18
2026.07.02	02:02:00	4043.75	4043.81	4043.20	4043.20	105	0	15
2026.07.02	02:03:00	4043.21	4043.63	4042.85	4043.38	128	0	0
2026.07.02	02:04:00	4043.38	4043.80	4043.25	4043.42	121	0	20
2026.07.02	02:05:00	4043.42	4043.45	4042.25	4042.39	93	0	0
2026.07.02	02:06:00	4042.39	4042.82	4041.28	4041.93	152	0	0
2026.07.02	02:07:00	4041.93	4042.14	4041.71	4042.13	86	0	20
2026.07.02	02:08:00	4042.13	4042.50	4041.89	4042.37	69	0	19
2026.07.02	02:09:00	4042.37	4043.57	4041.45	4041.78	126	0	0
2026.07.02	02:10:00	4041.78	4042.28	4040.78	4040.78	159	0	8
2026.07.02	02:11:00	4040.78	4042.27	4040.55	4042.27	163	0	16
2026.07.02	02:12:00	4042.27	4042.84	4040.89	4040.94	154	0	0
2026.07.02	02:13:00	4040.95	4041.39	4038.04	4038.84	199	0	4
2026.07.02	02:14:00	4038.87	4039.18	4037.47	4037.63	183	0	14
2026.07.02	02:15:00	4037.63	4038.57	4037.53	4038.44	194	0	3
2026.07.02	02:16:00	4038.44	4038.83	4037.14	4037.23	154	0	1
2026.07.02	02:17:00	4037.30	4037.42	4036.02	4037.13	148	0	0
2026.07.02	02:18:00	4037.12	4038.04	4037.12	4037.68	99	0	19
2026.07.02	02:19:00	4037.68	4039.43	4037.64	4039.07	110	0	0
2026.07.02	02:20:00	4039.07	4039.26	4038.77	4039.21	90	0	3
2026.07.02	02:21:00	4039.21	4039.21	4038.35	4038.49	104	0	3
2026.07.02	02:22:00	4038.49	4038.56	4036.99	4037.14	122	0	0
2026.07.02	02:23:00	4037.14	4038.27	4036.99	4037.94	141	0	0
2026.07.02	02:24:00	4037.94	4038.13	4035.63	4035.84	148	0	0
2026.07.02	02:25:00	4035.84	4036.40	4035.41	4035.76	177	0	0
2026.07.02	02:26:00	4035.81	4036.49	4035.44	4035.52	141	0	9
2026.07.02	02:27:00	4035.52	4035.64	4033.80	4034.90	212	0	2
2026.07.02	02:28:00	4034.90	4036.48	4034.86	4036.23	166	0	11
2026.07.02	02:29:00	4036.23	4037.27	4035.85	4037.17	129	0	14
2026.07.02	02:30:00	4037.17	4038.38	4037.16	4038.31	147	0	4
2026.07.02	02:31:00	4038.31	4040.10	4038.31	4038.62	158	0	0
2026.07.02	02:32:00	4038.62	4040.48	4038.62	4039.46	144	0	0
2026.07.02	02:33:00	4039.46	4040.24	4039.42	4039.88	108	0	11
2026.07.02	02:34:00	4039.90	4040.09	4038.85	4038.89	137	0	20
2026.07.02	02:35:00	4038.90	4039.12	4038.34	4038.41	143	0	20
2026.07.02	02:36:00	4038.41	4039.57	4037.74	4037.83	140	0	0
2026.07.02	02:37:00	4037.83	4037.84	4036.94	4037.65	122	0	15
2026.07.02	02:38:00	4037.65	4037.76	4036.38	4036.43	81	0	2
2026.07.02	02:39:00	4036.43	4036.77	4035.12	4035.12	154	0	0
2026.07.02	02:40:00	4035.12	4035.99	4034.54	4035.66	177	0	0
2026.07.02	02:41:00	4035.66	4036.16	4035.41	4036.16	152	0	19
2026.07.02	02:42:00	4036.16	4036.48	4035.92	4036.46	85	0	20
2026.07.02	02:43:00	4036.44	4036.44	4035.48	4035.63	134	0	15
2026.07.02	02:44:00	4035.63	4036.09	4035.29	4035.74	192	0	5
2026.07.02	02:45:00	4035.73	4036.11	4033.41	4034.09	268	0	0
2026.07.02	02:46:00	4034.09	4035.30	4033.41	4034.40	319	0	4
2026.07.02	02:47:00	4034.40	4035.74	4034.40	4035.66	228	0	5
2026.07.02	02:48:00	4035.64	4035.85	4034.77	4034.81	215	0	20
2026.07.02	02:49:00	4034.81	4034.81	4034.06	4034.12	124	0	8
2026.07.02	02:50:00	4034.12	4035.51	4034.09	4034.63	192	0	11
2026.07.02	02:51:00	4034.63	4035.19	4034.53	4034.97	179	0	20
2026.07.02	02:52:00	4034.98	4035.39	4034.42	4035.23	200	0	8
2026.07.02	02:53:00	4035.23	4036.82	4035.23	4036.21	179	0	5
2026.07.02	02:54:00	4036.19	4036.99	4035.91	4036.45	188	0	0
2026.07.02	02:55:00	4036.46	4036.86	4036.14	4036.68	232	0	8
2026.07.02	02:56:00	4036.68	4036.77	4035.60	4036.17	204	0	13
2026.07.02	02:57:00	4036.17	4036.38	4035.66	4035.98	168	0	20
2026.07.02	02:58:00	4035.98	4036.15	4035.09	4035.33	190	0	21
2026.07.02	02:59:00	4035.33	4035.64	4034.92	4035.05	182	0	18
2026.07.02	03:00:00	4035.05	4036.46	4032.13	4032.37	433	0	0
2026.07.02	03:01:00	4032.37	4034.04	4032.18	4033.32	425	0	0
2026.07.02	03:02:00	4033.32	4035.65	4032.57	4035.32	467	0	0
2026.07.02	03:03:00	4035.33	4035.39	4030.72	4030.81	480	0	0
2026.07.02	03:04:00	4030.81	4034.27	4030.81	4033.11	442	0	0
2026.07.02	03:05:00	4033.17	4036.04	4032.41	4035.97	569	0	0
2026.07.02	03:06:00	4035.97	4040.51	4035.97	4037.15	494	0	0
2026.07.02	03:07:00	4037.16	4039.90	4037.07	4038.84	457	0	0
2026.07.02	03:08:00	4038.83	4040.20	4038.40	4039.64	505	0	0
2026.07.02	03:09:00	4039.64	4040.42	4038.16	4039.24	533	0	0
2026.07.02	03:10:00	4039.22	4042.69	4038.91	4042.69	409	0	0
2026.07.02	03:11:00	4042.69	4043.13	4041.56	4041.97	364	0	0
2026.07.02	03:12:00	4041.97	4046.27	4040.91	4043.32	382	0	0
2026.07.02	03:13:00	4043.32	4043.76	4041.92	4043.63	390	0	0
2026.07.02	03:14:00	4043.63	4045.07	4043.01	4044.87	446	0	0
2026.07.02	03:15:00	4044.87	4044.87	4042.78	4043.19	352	0	0
2026.07.02	03:16:00	4043.19	4044.88	4042.84	4044.83	298	0	0
2026.07.02	03:17:00	4044.82	4045.36	4043.81	4045.16	293	0	0
2026.07.02	03:18:00	4045.16	4045.73	4043.89	4043.90	329	0	0
2026.07.02	03:19:00	4043.96	4043.98	4040.21	4040.90	463	0	0
2026.07.02	03:20:00	4040.93	4042.15	4040.73	4042.03	318	0	0
2026.07.02	03:21:00	4042.03	4042.80	4041.54	4042.52	245	0	0
2026.07.02	03:22:00	4042.52	4044.39	4041.92	4044.19	279	0	0
2026.07.02	03:23:00	4044.17	4045.03	4043.43	4043.48	313	0	0
2026.07.02	03:24:00	4043.49	4046.65	4043.48	4046.58	317	0	0
2026.07.02	03:25:00	4046.56	4048.57	4046.15	4046.92	286	0	0
2026.07.02	03:26:00	4046.88	4046.92	4044.78	4045.88	254	0	0
2026.07.02	03:27:00	4045.87	4046.01	4044.76	4044.86	199	0	0
2026.07.02	03:28:00	4044.86	4045.82	4043.89	4045.07	313	0	0
2026.07.02	03:29:00	4045.11	4046.43	4044.57	4046.42	285	0	0
2026.07.02	03:30:00	4046.42	4046.76	4044.39	4044.43	397	0	0
2026.07.02	03:31:00	4044.51	4044.77	4043.09	4043.50	392	0	0
2026.07.02	03:32:00	4043.52	4043.76	4042.26	4043.45	346	0	0
2026.07.02	03:33:00	4043.45	4045.65	4042.98	4045.04	395	0	0
2026.07.02	03:34:00	4045.04	4045.83	4044.63	4044.80	231	0	0
2026.07.02	03:35:00	4044.81	4045.27	4043.72	4044.52	302	0	0
2026.07.02	03:36:00	4044.52	4046.16	4044.50	4044.91	230	0	0
2026.07.02	03:37:00	4044.91	4044.91	4043.30	4043.51	308	0	0
2026.07.02	03:38:00	4043.51	4044.24	4043.10	4043.51	272	0	0
2026.07.02	03:39:00	4043.51	4043.61	4042.42	4043.10	247	0	0
2026.07.02	03:40:00	4043.10	4043.10	4041.31	4041.53	375	0	0
2026.07.02	03:41:00	4041.53	4041.80	4039.87	4040.45	340	0	0
2026.07.02	03:42:00	4040.45	4041.11	4038.07	4038.27	281	0	0
2026.07.02	03:43:00	4038.27	4039.91	4038.07	4039.88	313	0	0
2026.07.02	03:44:00	4039.88	4040.34	4038.62	4039.29	222	0	0
2026.07.02	03:45:00	4039.29	4041.89	4039.29	4041.70	347	0	0
2026.07.02	03:46:00	4041.70	4044.04	4041.49	4043.98	279	0	0
2026.07.02	03:47:00	4043.98	4046.28	4043.98	4045.17	366	0	0
2026.07.02	03:48:00	4045.17	4045.93	4044.50	4045.48	309	0	0
2026.07.02	03:49:00	4045.48	4052.60	4045.47	4050.56	602	0	0
2026.07.02	03:50:00	4050.52	4051.64	4049.61	4049.91	353	0	0
2026.07.02	03:51:00	4049.91	4052.20	4049.72	4051.37	366	0	0
2026.07.02	03:52:00	4051.37	4051.68	4049.45	4051.54	299	0	0
2026.07.02	03:53:00	4051.54	4052.49	4051.07	4051.09	303	0	0
2026.07.02	03:54:00	4051.09	4051.16	4049.97	4051.05	285	0	0
2026.07.02	03:55:00	4051.05	4051.26	4048.88	4050.56	308	0	0
2026.07.02	03:56:00	4050.56	4050.90	4049.78	4050.32	292	0	0
2026.07.02	03:57:00	4050.32	4051.45	4049.61	4051.13	292	0	0
2026.07.02	03:58:00	4051.13	4051.22	4049.88	4050.15	177	0	0
2026.07.02	03:59:00	4050.16	4051.99	4049.72	4051.94	437	0	0
2026.07.02	04:00:00	4051.94	4061.62	4050.43	4061.44	794	0	0
2026.07.02	04:01:00	4061.44	4063.41	4057.47	4063.16	626	0	0
2026.07.02	04:02:00	4063.10	4068.54	4061.84	4066.79	640	0	0
2026.07.02	04:03:00	4066.80	4067.10	4064.36	4066.54	503	0	0
2026.07.02	04:04:00	4066.54	4066.58	4062.13	4065.00	626	0	0
2026.07.02	04:05:00	4065.00	4066.17	4063.00	4063.03	462	0	0
2026.07.02	04:06:00	4063.03	4064.55	4061.89	4064.40	432	0	0
2026.07.02	04:07:00	4064.40	4064.59	4061.48	4061.86	509	0	0
2026.07.02	04:08:00	4061.92	4065.59	4060.82	4065.57	423	0	0
2026.07.02	04:09:00	4065.57	4065.57	4063.32	4064.41	469	0	0
2026.07.02	04:10:00	4064.44	4067.36	4064.20	4065.87	713	0	0
2026.07.02	04:11:00	4065.87	4067.85	4065.50	4066.64	664	0	0
2026.07.02	04:12:00	4066.64	4067.73	4065.82	4066.08	518	0	0
2026.07.02	04:13:00	4066.08	4066.78	4065.41	4066.46	588	0	0
2026.07.02	04:14:00	4066.37	4066.50	4064.50	4065.19	597	0	0
2026.07.02	04:15:00	4065.16	4065.81	4061.61	4061.82	746	0	0
2026.07.02	04:16:00	4061.82	4063.54	4061.71	4062.54	579	0	0
2026.07.02	04:17:00	4062.54	4062.68	4059.76	4060.55	547	0	0
2026.07.02	04:18:00	4060.55	4061.64	4060.18	4061.59	362	0	0
2026.07.02	04:19:00	4061.59	4061.67	4059.93	4060.77	298	0	0
2026.07.02	04:20:00	4060.77	4061.15	4056.77	4057.09	320	0	0
2026.07.02	04:21:00	4057.10	4057.52	4054.39	4055.76	407	0	0
2026.07.02	04:22:00	4055.76	4055.80	4054.31	4054.95	406	0	0
2026.07.02	04:23:00	4054.95	4056.81	4053.82	4054.44	462	0	0
2026.07.02	04:24:00	4054.44	4055.13	4051.82	4052.38	414	0	0
2026.07.02	04:25:00	4052.37	4055.00	4052.20	4054.49	323	0	0
2026.07.02	04:26:00	4054.49	4055.58	4053.14	4053.66	392	0	0
2026.07.02	04:27:00	4053.67	4054.28	4051.29	4051.37	419	0	0
2026.07.02	04:28:00	4051.33	4053.38	4050.13	4053.34	340	0	0
2026.07.02	04:29:00	4053.32	4054.10	4052.72	4053.25	350	0	0
2026.07.02	04:30:00	4053.25	4054.97	4051.01	4053.62	463	0	0
2026.07.02	04:31:00	4053.62	4054.17	4052.07	4053.55	431	0	0
2026.07.02	04:32:00	4053.56	4054.12	4049.76	4050.41	407	0	0
2026.07.02	04:33:00	4050.41	4051.49	4046.30	4046.73	443	0	0
2026.07.02	04:34:00	4046.73	4048.17	4046.41	4048.17	363	0	0
2026.07.02	04:35:00	4048.17	4050.21	4046.65	4049.19	405	0	0
2026.07.02	04:36:00	4049.19	4051.13	4048.76	4051.13	327	0	0
2026.07.02	04:37:00	4051.13	4052.81	4051.02	4051.87	319	0	0
2026.07.02	04:38:00	4051.91	4052.92	4050.67	4052.27	299	0	0
2026.07.02	04:39:00	4052.27	4053.64	4051.29	4053.55	346	0	0
2026.07.02	04:40:00	4053.55	4055.50	4052.99	4053.07	361	0	0
2026.07.02	04:41:00	4053.08	4053.87	4049.81	4051.51	350	0	0
2026.07.02	04:42:00	4051.51	4053.37	4050.17	4050.21	415	0	0
2026.07.02	04:43:00	4050.21	4051.96	4049.70	4051.88	364	0	0
2026.07.02	04:44:00	4051.88	4052.01	4047.73	4047.74	320	0	0
2026.07.02	04:45:00	4047.74	4048.15	4045.25	4047.58	357	0	0
2026.07.02	04:46:00	4047.58	4049.61	4047.58	4048.78	342	0	0
2026.07.02	04:47:00	4048.78	4051.54	4048.76	4050.72	308	0	0
2026.07.02	04:48:00	4050.72	4053.51	4050.34	4052.87	349	0	0
2026.07.02	04:49:00	4052.87	4053.76	4052.02	4052.72	328	0	0
2026.07.02	04:50:00	4052.72	4053.49	4052.00	4053.00	382	0	0
2026.07.02	04:51:00	4053.00	4053.84	4052.03	4052.22	340	0	0
2026.07.02	04:52:00	4052.21	4054.96	4051.61	4054.79	350	0	0
2026.07.02	04:53:00	4054.79	4055.34	4053.41	4053.86	332	0	0
2026.07.02	04:54:00	4053.86	4054.22	4052.90	4053.89	320	0	0
2026.07.02	04:55:00	4053.93	4055.13	4053.52	4054.76	410	0	0
2026.07.02	04:56:00	4054.75	4056.42	4054.00	4054.02	455	0	0
2026.07.02	04:57:00	4054.02	4054.86	4052.50	4052.73	388	0	0
2026.07.02	04:58:00	4052.73	4053.46	4049.24	4049.99	449	0	0
2026.07.02	04:59:00	4049.99	4050.50	4049.20	4050.30	296	0	0
2026.07.02	05:00:00	4050.27	4051.11	4048.89	4049.65	412	0	0
2026.07.02	05:01:00	4049.65	4049.74	4046.44	4047.52	434	0	0
2026.07.02	05:02:00	4047.52	4047.67	4045.99	4046.38	375	0	0
2026.07.02	05:03:00	4046.38	4048.02	4044.81	4045.28	505	0	0
2026.07.02	05:04:00	4045.28	4047.31	4043.79	4047.04	453	0	0
2026.07.02	05:05:00	4047.04	4047.28	4042.39	4042.70	387	0	0
2026.07.02	05:06:00	4042.70	4044.09	4042.42	4043.96	413	0	0
2026.07.02	05:07:00	4043.96	4045.36	4043.64	4044.24	335	0	0
2026.07.02	05:08:00	4044.24	4045.14	4044.06	4044.32	372	0	0
2026.07.02	05:09:00	4044.30	4045.49	4043.99	4044.50	353	0	0
2026.07.02	05:10:00	4044.50	4044.60	4041.16	4041.90	433	0	0
2026.07.02	05:11:00	4041.90	4043.59	4041.46	4043.57	343	0	0
2026.07.02	05:12:00	4043.57	4044.26	4043.08	4043.92	305	0	0
2026.07.02	05:13:00	4043.92	4044.82	4043.47	4044.30	262	0	0
2026.07.02	05:14:00	4044.30	4048.23	4044.20	4048.15	345	0	0
2026.07.02	05:15:00	4048.15	4051.62	4047.85	4051.30	334	0	0
2026.07.02	05:16:00	4051.30	4052.07	4050.60	4050.60	303	0	0
2026.07.02	05:17:00	4050.60	4054.22	4050.60	4052.07	370	0	0
2026.07.02	05:18:00	4052.09	4054.11	4052.01	4053.89	355	0	0
2026.07.02	05:19:00	4053.91	4054.14	4053.09	4054.04	250	0	0
2026.07.02	05:20:00	4054.04	4055.12	4053.30	4054.03	356	0	0
2026.07.02	05:21:00	4054.03	4054.33	4053.46	4054.08	294	0	0
2026.07.02	05:22:00	4054.10	4054.73	4051.35	4051.40	293	0	0
2026.07.02	05:23:00	4051.40	4052.34	4050.89	4050.92	280	0	0
2026.07.02	05:24:00	4050.92	4051.15	4048.70	4050.97	267	0	0
2026.07.02	05:25:00	4051.00	4051.71	4050.53	4050.84	241	0	0
2026.07.02	05:26:00	4050.84	4051.09	4050.38	4051.04	221	0	0
2026.07.02	05:27:00	4051.04	4052.42	4050.69	4051.89	255	0	0
2026.07.02	05:28:00	4051.85	4052.47	4051.14	4052.39	358	0	0
2026.07.02	05:29:00	4052.39	4052.68	4051.56	4051.56	235	0	0
2026.07.02	05:30:00	4051.59	4052.03	4048.18	4048.96	450	0	0
2026.07.02	05:31:00	4048.94	4049.87	4047.77	4049.72	391	0	0
2026.07.02	05:32:00	4049.72	4052.61	4049.54	4052.61	348	0	0
2026.07.02	05:33:00	4052.61	4054.12	4050.96	4051.11	352	0	0
2026.07.02	05:34:00	4051.09	4051.59	4049.98	4050.42	247	0	0
2026.07.02	05:35:00	4050.42	4051.49	4049.57	4051.21	330	0	0
2026.07.02	05:36:00	4051.21	4052.22	4050.30	4051.27	324	0	0
2026.07.02	05:37:00	4051.27	4054.17	4051.27	4053.86	402	0	0
2026.07.02	05:38:00	4053.86	4054.05	4052.52	4052.52	328	0	0
2026.07.02	05:39:00	4052.52	4053.44	4050.81	4051.09	280	0	0
2026.07.02	05:40:00	4051.09	4051.90	4050.07	4051.72	331	0	0
2026.07.02	05:41:00	4051.72	4054.02	4051.65	4053.95	439	0	0
2026.07.02	05:42:00	4053.95	4056.20	4053.59	4055.49	342	0	0
2026.07.02	05:43:00	4055.49	4056.43	4054.95	4056.14	317	0	0
2026.07.02	05:44:00	4056.14	4057.17	4055.80	4056.26	273	0	0
2026.07.02	05:45:00	4056.26	4057.03	4055.22	4056.54	300	0	0
2026.07.02	05:46:00	4056.54	4057.65	4055.91	4056.10	322	0	0
2026.07.02	05:47:00	4056.10	4056.27	4054.31	4055.49	411	0	0
2026.07.02	05:48:00	4055.44	4056.27	4054.44	4055.69	289	0	0
2026.07.02	05:49:00	4055.69	4058.28	4055.36	4056.84	306	0	0
2026.07.02	05:50:00	4056.84	4058.97	4056.73	4058.53	361	0	0
2026.07.02	05:51:00	4058.53	4058.67	4057.98	4058.04	283	0	0
2026.07.02	05:52:00	4058.02	4058.75	4056.99	4057.18	395	0	0
2026.07.02	05:53:00	4057.15	4057.77	4055.92	4056.39	393	0	0
2026.07.02	05:54:00	4056.40	4058.33	4056.26	4057.43	379	0	0
2026.07.02	05:55:00	4057.45	4058.22	4057.12	4057.91	399	0	0
2026.07.02	05:56:00	4057.91	4058.42	4057.00	4057.71	374	0	0
2026.07.02	05:57:00	4057.71	4060.65	4057.71	4060.56	359	0	0
2026.07.02	05:58:00	4060.56	4060.95	4059.38	4059.53	343	0	0
2026.07.02	05:59:00	4059.53	4059.53	4056.91	4057.16	351	0	0
2026.07.02	06:00:00	4057.16	4059.68	4056.54	4059.28	434	0	0
2026.07.02	06:01:00	4059.26	4059.30	4057.43	4058.13	340	0	0
2026.07.02	06:02:00	4058.13	4058.65	4056.85	4057.08	327	0	0
2026.07.02	06:03:00	4057.08	4058.53	4057.07	4058.12	322	0	0
2026.07.02	06:04:00	4058.12	4058.38	4056.37	4056.87	302	0	0
2026.07.02	06:05:00	4056.85	4057.47	4055.90	4057.29	364	0	0
2026.07.02	06:06:00	4057.30	4059.81	4057.15	4059.50	325	0	0
2026.07.02	06:07:00	4059.50	4059.54	4057.56	4057.57	257	0	0
2026.07.02	06:08:00	4057.57	4057.83	4056.45	4056.71	292	0	0
2026.07.02	06:09:00	4056.71	4057.32	4055.61	4055.79	284	0	0
2026.07.02	06:10:00	4055.79	4057.26	4055.77	4055.88	296	0	0
2026.07.02	06:11:00	4055.92	4057.95	4055.38	4057.21	412	0	0
2026.07.02	06:12:00	4057.24	4057.36	4056.60	4057.03	238	0	0
2026.07.02	06:13:00	4057.03	4057.23	4056.27	4056.81	341	0	0
2026.07.02	06:14:00	4056.81	4058.83	4056.81	4057.53	254	0	0
2026.07.02	06:15:00	4057.58	4060.32	4057.50	4059.94	347	0	0
2026.07.02	06:16:00	4059.94	4060.04	4058.39	4059.56	401	0	0
2026.07.02	06:17:00	4059.56	4060.14	4058.71	4059.50	353	0	0
2026.07.02	06:18:00	4059.46	4059.97	4058.53	4058.97	318	0	0
2026.07.02	06:19:00	4058.97	4059.41	4058.40	4059.15	307	0	0
2026.07.02	06:20:00	4059.12	4061.81	4059.10	4061.71	350	0	0
2026.07.02	06:21:00	4061.70	4062.10	4060.80	4061.58	391	0	0
2026.07.02	06:22:00	4061.58	4062.20	4060.76	4061.44	273	0	0
2026.07.02	06:23:00	4061.42	4061.69	4058.59	4058.83	251	0	0
2026.07.02	06:24:00	4058.83	4062.36	4058.70	4061.78	355	0	0
2026.07.02	06:25:00	4061.85	4062.27	4060.95	4061.97	272	0	0
2026.07.02	06:26:00	4061.97	4062.30	4060.96	4062.29	232	0	0
2026.07.02	06:27:00	4062.29	4066.84	4062.03	4064.69	415	0	0
2026.07.02	06:28:00	4064.65	4067.23	4064.01	4067.07	317	0	0
2026.07.02	06:29:00	4067.07	4067.07	4064.27	4065.37	356	0	0
2026.07.02	06:30:00	4065.37	4066.88	4064.17	4066.87	341	0	0
2026.07.02	06:31:00	4066.87	4066.87	4064.14	4065.18	257	0	0
2026.07.02	06:32:00	4065.19	4065.19	4063.78	4065.13	261	0	0
2026.07.02	06:33:00	4065.12	4065.42	4064.30	4064.62	271	0	0
2026.07.02	06:34:00	4064.63	4064.81	4063.39	4063.91	252	0	0
2026.07.02	06:35:00	4063.93	4064.48	4062.58	4063.04	211	0	0
2026.07.02	06:36:00	4063.04	4064.00	4062.06	4063.82	211	0	0
2026.07.02	06:37:00	4063.82	4064.50	4063.07	4063.44	245	0	0
2026.07.02	06:38:00	4063.39	4065.96	4063.39	4065.63	223	0	0
2026.07.02	06:39:00	4065.62	4065.76	4064.30	4065.10	220	0	0
2026.07.02	06:40:00	4065.10	4066.91	4065.00	4066.91	244	0	0
2026.07.02	06:41:00	4066.91	4067.88	4065.42	4065.80	277	0	0
2026.07.02	06:42:00	4065.80	4067.69	4065.80	4067.55	283	0	0
2026.07.02	06:43:00	4067.55	4067.64	4066.51	4066.81	251	0	0
2026.07.02	06:44:00	4066.79	4066.83	4065.51	4065.57	258	0	0
2026.07.02	06:45:00	4065.57	4066.68	4065.42	4065.77	243	0	0
2026.07.02	06:46:00	4065.82	4065.82	4062.96	4063.26	324	0	0
2026.07.02	06:47:00	4063.26	4065.96	4062.96	4065.90	308	0	0
2026.07.02	06:48:00	4065.90	4067.77	4065.78	4066.72	350	0	0
2026.07.02	06:49:00	4066.72	4069.29	4066.59	4068.81	408	0	0
2026.07.02	06:50:00	4068.81	4069.30	4067.63	4067.86	336	0	0
2026.07.02	06:51:00	4067.85	4068.86	4067.67	4068.82	331	0	0
2026.07.02	06:52:00	4068.82	4071.57	4068.82	4070.60	406	0	0
2026.07.02	06:53:00	4070.60	4072.71	4070.48	4072.46	304	0	0
2026.07.02	06:54:00	4072.46	4072.78	4071.74	4072.06	229	0	0
2026.07.02	06:55:00	4072.06	4073.57	4071.54	4073.56	349	0	0
2026.07.02	06:56:00	4073.56	4074.13	4073.00	4073.10	364	0	0
2026.07.02	06:57:00	4073.10	4073.29	4071.38	4071.40	295	0	0
2026.07.02	06:58:00	4071.41	4072.03	4070.40	4070.43	320	0	0
2026.07.02	06:59:00	4070.43	4070.70	4069.28	4069.99	329	0	0
2026.07.02	07:00:00	4069.99	4072.68	4069.97	4071.02	341	0	0
2026.07.02	07:01:00	4071.02	4072.04	4070.36	4071.87	370	0	0
2026.07.02	07:02:00	4071.87	4072.79	4071.55	4072.22	335	0	0
2026.07.02	07:03:00	4072.22	4072.23	4069.63	4069.63	326	0	0
2026.07.02	07:04:00	4069.63	4071.56	4069.63	4071.56	294	0	0
2026.07.02	07:05:00	4071.56	4072.15	4070.86	4071.67	282	0	0
2026.07.02	07:06:00	4071.67	4072.70	4071.58	4072.70	210	0	0
2026.07.02	07:07:00	4072.70	4073.05	4071.80	4071.80	226	0	0
2026.07.02	07:08:00	4071.98	4072.18	4071.09	4071.20	184	0	0
2026.07.02	07:09:00	4071.20	4072.14	4070.53	4070.60	205	0	0
2026.07.02	07:10:00	4070.60	4071.11	4069.59	4069.67	272	0	0
2026.07.02	07:11:00	4069.67	4070.03	4068.63	4069.22	224	0	0
2026.07.02	07:12:00	4069.24	4069.42	4068.35	4068.73	209	0	0
2026.07.02	07:13:00	4068.73	4069.40	4068.22	4069.27	203	0	0
2026.07.02	07:14:00	4069.27	4070.37	4069.11	4070.09	189	0	0
2026.07.02	07:15:00	4070.09	4070.29	4069.08	4069.24	249	0	1
2026.07.02	07:16:00	4069.24	4069.79	4068.92	4069.76	231	0	0
2026.07.02	07:17:00	4069.76	4070.45	4068.80	4069.21	251	0	0
2026.07.02	07:18:00	4069.21	4069.35	4068.49	4068.80	162	0	0
2026.07.02	07:19:00	4068.80	4068.81	4066.53	4067.42	201	0	0
2026.07.02	07:20:00	4067.44	4067.89	4067.01	4067.39	144	0	0
2026.07.02	07:21:00	4067.39	4067.47	4066.75	4067.14	166	0	0
2026.07.02	07:22:00	4067.14	4067.14	4065.65	4065.65	166	0	0
2026.07.02	07:23:00	4065.65	4066.01	4065.35	4065.83	208	0	0
2026.07.02	07:24:00	4065.83	4066.02	4064.80	4064.80	257	0	0
2026.07.02	07:25:00	4064.80	4066.58	4064.60	4066.25	223	0	0
2026.07.02	07:26:00	4066.25	4066.84	4065.59	4065.80	219	0	0
2026.07.02	07:27:00	4065.80	4065.92	4065.22	4065.66	202	0	0
2026.07.02	07:28:00	4065.66	4065.78	4065.16	4065.32	194	0	0
2026.07.02	07:29:00	4065.32	4065.64	4064.10	4065.55	194	0	0
2026.07.02	07:30:00	4065.55	4066.58	4064.51	4065.32	261	0	0
2026.07.02	07:31:00	4065.31	4065.46	4062.85	4063.38	228	0	0
2026.07.02	07:32:00	4063.38	4064.38	4063.33	4063.96	203	0	0
2026.07.02	07:33:00	4063.96	4064.57	4063.34	4064.50	232	0	0
2026.07.02	07:34:00	4064.50	4064.56	4063.18	4063.37	247	0	0
2026.07.02	07:35:00	4063.38	4063.38	4062.45	4062.84	251	0	0
2026.07.02	07:36:00	4062.84	4064.22	4062.84	4064.08	229	0	0
2026.07.02	07:37:00	4064.08	4064.20	4063.32	4063.60	226	0	0
2026.07.02	07:38:00	4063.60	4064.10	4063.38	4063.75	178	0	0
2026.07.02	07:39:00	4063.75	4064.20	4063.08	4063.34	179	0	0
2026.07.02	07:40:00	4063.34	4063.38	4062.34	4062.72	196	0	0
2026.07.02	07:41:00	4062.68	4062.68	4061.49	4061.59	180	0	0
2026.07.02	07:42:00	4061.59	4063.36	4061.59	4063.31	323	0	0
2026.07.02	07:43:00	4063.31	4064.45	4062.95	4063.94	190	0	0
2026.07.02	07:44:00	4063.94	4063.99	4063.28	4063.37	178	0	0
2026.07.02	07:45:00	4063.37	4063.37	4062.25	4062.89	274	0	0
2026.07.02	07:46:00	4062.89	4063.84	4062.86	4063.63	189	0	6
2026.07.02	07:47:00	4063.63	4063.67	4062.08	4062.08	233	0	0
2026.07.02	07:48:00	4062.08	4062.41	4061.78	4062.40	219	0	0
2026.07.02	07:49:00	4062.40	4062.46	4061.56	4062.08	202	0	0
2026.07.02	07:50:00	4062.10	4062.86	4061.99	4062.55	200	0	0
2026.07.02	07:51:00	4062.55	4064.96	4062.33	4064.12	249	0	0
2026.07.02	07:52:00	4064.12	4065.15	4064.10	4064.95	158	0	0
2026.07.02	07:53:00	4064.95	4064.95	4064.05	4064.07	173	0	0
2026.07.02	07:54:00	4064.09	4064.29	4063.29	4063.29	168	0	0
2026.07.02	07:55:00	4063.29	4063.74	4062.50	4063.47	165	0	0
2026.07.02	07:56:00	4063.47	4063.80	4062.66	4062.66	166	0	0
2026.07.02	07:57:00	4062.72	4063.14	4061.94	4063.11	201	0	0
2026.07.02	07:58:00	4063.11	4063.32	4061.42	4061.78	199	0	0
2026.07.02	07:59:00	4061.83	4062.38	4060.68	4060.74	193	0	0
2026.07.02	08:00:00	4060.75	4061.25	4059.66	4060.83	404	0	0
2026.07.02	08:01:00	4060.83	4061.24	4059.89	4060.75	321	0	0
2026.07.02	08:02:00	4060.75	4061.05	4059.79	4059.81	189	0	0
2026.07.02	08:03:00	4059.81	4059.81	4058.56	4059.35	257	0	0
2026.07.02	08:04:00	4059.35	4060.49	4057.76	4059.27	252	0	0
2026.07.02	08:05:00	4059.25	4060.05	4059.02	4059.02	232	0	0
2026.07.02	08:06:00	4059.02	4059.14	4057.83	4058.05	218	0	0
2026.07.02	08:07:00	4058.05	4059.91	4057.90	4059.91	327	0	0
2026.07.02	08:08:00	4059.91	4060.93	4058.54	4058.83	243	0	0
2026.07.02	08:09:00	4058.83	4059.08	4057.90	4058.33	231	0	0
2026.07.02	08:10:00	4058.33	4059.22	4056.65	4056.69	274	0	0
2026.07.02	08:11:00	4056.69	4058.07	4056.20	4057.65	272	0	0
2026.07.02	08:12:00	4057.73	4059.17	4057.60	4057.94	229	0	0
2026.07.02	08:13:00	4057.94	4057.98	4054.51	4055.61	257	0	0
2026.07.02	08:14:00	4055.61	4056.32	4054.97	4055.78	236	0	0
2026.07.02	08:15:00	4055.78	4056.26	4054.73	4055.88	307	0	0
2026.07.02	08:16:00	4055.88	4057.28	4055.82	4056.94	252	0	0
2026.07.02	08:17:00	4056.94	4058.16	4056.94	4058.16	275	0	0
2026.07.02	08:18:00	4058.17	4059.07	4057.71	4058.84	341	0	0
2026.07.02	08:19:00	4058.84	4058.87	4057.44	4058.74	283	0	0
2026.07.02	08:20:00	4058.74	4059.71	4058.42	4058.96	288	0	0
2026.07.02	08:21:00	4058.94	4059.75	4058.74	4059.50	271	0	0
2026.07.02	08:22:00	4059.50	4059.50	4058.46	4059.13	340	0	0
2026.07.02	08:23:00	4059.13	4060.91	4059.02	4060.05	270	0	0
2026.07.02	08:24:00	4060.06	4062.43	4059.92	4061.63	236	0	0
2026.07.02	08:25:00	4061.63	4062.31	4059.43	4061.13	312	0	0
2026.07.02	08:26:00	4061.13	4061.13	4059.75	4061.11	280	0	0
2026.07.02	08:27:00	4061.09	4061.21	4059.12	4059.34	331	0	0
2026.07.02	08:28:00	4059.33	4059.54	4058.10	4058.61	374	0	0
2026.07.02	08:29:00	4058.61	4059.02	4057.27	4057.49	341	0	0
2026.07.02	08:30:00	4057.48	4061.79	4055.61	4060.84	813	0	0
2026.07.02	08:31:00	4060.84	4061.29	4058.47	4058.91	653	0	0
2026.07.02	08:32:00	4058.91	4059.47	4057.36	4057.49	506	0	0
2026.07.02	08:33:00	4057.50	4058.32	4053.23	4055.64	768	0	0
2026.07.02	08:34:00	4055.63	4057.03	4055.10	4056.28	508	0	0
2026.07.02	08:35:00	4056.28	4059.13	4055.34	4057.29	523	0	0
2026.07.02	08:36:00	4057.29	4058.22	4055.67	4057.91	385	0	0
2026.07.02	08:37:00	4057.93	4064.24	4057.93	4064.14	595	0	0
2026.07.02	08:38:00	4064.14	4066.42	4063.46	4065.19	420	0	0
2026.07.02	08:39:00	4065.19	4065.90	4062.19	4062.93	412	0	0
2026.07.02	08:40:00	4062.94	4063.10	4061.72	4062.60	366	0	0
2026.07.02	08:41:00	4062.60	4063.73	4061.21	4063.65	499	0	0
2026.07.02	08:42:00	4063.65	4064.09	4061.40	4061.62	393	0	0
2026.07.02	08:43:00	4061.62	4062.54	4061.16	4062.37	384	0	0
2026.07.02	08:44:00	4062.46	4062.73	4061.35	4061.85	354	0	0
2026.07.02	08:45:00	4061.85	4065.18	4061.23	4064.69	387	0	0
2026.07.02	08:46:00	4064.68	4064.75	4062.31	4063.25	334	0	0
2026.07.02	08:47:00	4063.25	4063.29	4062.26	4062.72	242	0	0
2026.07.02	08:48:00	4062.72	4063.36	4062.01	4062.79	286	0	0
2026.07.02	08:49:00	4062.80	4063.20	4059.96	4060.76	339	0	0
2026.07.02	08:50:00	4060.75	4063.87	4060.75	4063.74	437	0	0
2026.07.02	08:51:00	4063.74	4064.80	4062.45	4064.25	380	0	0
2026.07.02	08:52:00	4064.25	4064.56	4063.49	4063.84	425	0	0
2026.07.02	08:53:00	4063.84	4064.52	4063.51	4063.93	353	0	0
2026.07.02	08:54:00	4063.93	4064.91	4063.41	4064.14	330	0	0
2026.07.02	08:55:00	4064.14	4064.94	4062.43	4064.12	417	0	0
2026.07.02	08:56:00	4064.12	4067.02	4063.67	4066.91	376	0	0
2026.07.02	08:57:00	4066.91	4067.60	4065.51	4067.46	302	0	0
2026.07.02	08:58:00	4067.46	4067.46	4065.58	4066.04	259	0	0
2026.07.02	08:59:00	4066.04	4067.72	4065.88	4066.11	309	0	0
2026.07.02	09:00:00	4066.11	4071.49	4065.97	4071.27	536	0	0
2026.07.02	09:01:00	4071.27	4071.75	4069.37	4071.07	408	0	0
2026.07.02	09:02:00	4071.06	4076.06	4070.57	4074.34	584	0	0
2026.07.02	09:03:00	4074.34	4074.46	4072.31	4073.54	435	0	0
2026.07.02	09:04:00	4073.54	4073.93	4070.07	4070.08	454	0	0
2026.07.02	09:05:00	4070.08	4070.67	4068.23	4069.20	443	0	0
2026.07.02	09:06:00	4069.20	4072.29	4068.96	4071.74	458	0	0
2026.07.02	09:07:00	4071.71	4073.68	4071.64	4073.30	363	0	0
2026.07.02	09:08:00	4073.30	4073.66	4071.94	4072.74	537	0	0
2026.07.02	09:09:00	4072.74	4073.28	4069.83	4069.83	473	0	0
2026.07.02	09:10:00	4069.83	4071.99	4069.58	4070.96	357	0	0
2026.07.02	09:11:00	4070.96	4071.94	4070.35	4071.31	315	0	0
2026.07.02	09:12:00	4071.31	4071.56	4069.10	4069.40	315	0	0
2026.07.02	09:13:00	4069.41	4070.56	4068.59	4068.73	471	0	0
2026.07.02	09:14:00	4068.73	4069.17	4068.04	4068.48	384	0	0
2026.07.02	09:15:00	4068.48	4069.69	4067.29	4069.69	370	0	0
2026.07.02	09:16:00	4069.69	4071.59	4068.53	4071.37	444	0	0
2026.07.02	09:17:00	4071.36	4073.18	4070.79	4072.36	436	0	0
2026.07.02	09:18:00	4072.36	4074.14	4072.16	4073.12	365	0	0
2026.07.02	09:19:00	4073.12	4075.09	4072.27	4074.74	286	0	0
2026.07.02	09:20:00	4074.74	4075.46	4074.22	4075.29	318	0	0
2026.07.02	09:21:00	4075.29	4076.73	4074.58	4076.68	383	0	0
2026.07.02	09:22:00	4076.68	4079.82	4076.68	4078.55	448	0	0
2026.07.02	09:23:00	4078.55	4078.79	4077.20	4077.79	324	0	0
2026.07.02	09:24:00	4077.79	4078.25	4076.79	4078.10	315	0	0
2026.07.02	09:25:00	4078.11	4078.97	4077.91	4077.99	292	0	0
2026.07.02	09:26:00	4077.99	4079.68	4077.85	4079.14	305	0	0
2026.07.02	09:27:00	4079.19	4079.38	4077.25	4077.25	261	0	0
2026.07.02	09:28:00	4077.25	4077.59	4075.95	4076.27	280	0	0
2026.07.02	09:29:00	4076.26	4077.07	4074.13	4074.32	294	0	0
2026.07.02	09:30:00	4074.32	4076.82	4073.37	4076.26	368	0	0
2026.07.02	09:31:00	4076.26	4076.34	4074.45	4074.99	254	0	0
2026.07.02	09:32:00	4074.99	4075.77	4074.75	4075.46	231	0	0
2026.07.02	09:33:00	4075.51	4075.89	4074.94	4075.33	274	0	0
2026.07.02	09:34:00	4075.32	4076.27	4075.18	4075.85	345	0	0
2026.07.02	09:35:00	4075.85	4076.19	4073.64	4074.68	317	0	0
2026.07.02	09:36:00	4074.73	4074.90	4073.57	4074.64	401	0	0
2026.07.02	09:37:00	4074.64	4074.75	4073.43	4074.01	348	0	0
2026.07.02	09:38:00	4074.01	4074.13	4072.19	4072.92	416	0	0
2026.07.02	09:39:00	4072.68	4073.34	4071.90	4072.71	444	0	0
2026.07.02	09:40:00	4072.71	4072.92	4071.94	4072.25	450	0	0
2026.07.02	09:41:00	4072.25	4072.37	4069.35	4070.01	430	0	0
2026.07.02	09:42:00	4070.01	4070.23	4067.37	4067.37	417	0	0
2026.07.02	09:43:00	4067.37	4067.43	4065.98	4066.59	320	0	0
2026.07.02	09:44:00	4066.59	4068.66	4066.32	4068.20	311	0	0
2026.07.02	09:45:00	4068.19	4069.22	4068.19	4068.48	282	0	0
2026.07.02	09:46:00	4068.48	4069.43	4067.65	4067.98	414	0	0
2026.07.02	09:47:00	4067.95	4068.19	4066.81	4067.97	531	0	0
2026.07.02	09:48:00	4067.97	4069.30	4066.95	4068.92	461	0	0
2026.07.02	09:49:00	4069.10	4073.86	4068.44	4073.28	641	0	0
2026.07.02	09:50:00	4073.28	4075.38	4070.22	4071.05	601	0	0
2026.07.02	09:51:00	4071.05	4072.29	4070.17	4070.63	375	0	0
2026.07.02	09:52:00	4070.63	4071.63	4070.17	4070.17	365	0	0
2026.07.02	09:53:00	4070.17	4071.40	4069.52	4071.39	350	0	0
2026.07.02	09:54:00	4071.39	4073.03	4071.39	4072.81	328	0	0
2026.07.02	09:55:00	4072.81	4075.41	4072.31	4074.85	427	0	0
2026.07.02	09:56:00	4074.85	4076.09	4074.04	4075.73	361	0	0
2026.07.02	09:57:00	4075.76	4076.54	4075.19	4076.46	339	0	0
2026.07.02	09:58:00	4076.46	4076.46	4074.61	4075.26	349	0	0
2026.07.02	09:59:00	4075.27	4075.51	4073.09	4073.24	421	0	0
2026.07.02	10:00:00	4073.22	4073.48	4068.59	4068.85	516	0	0
2026.07.02	10:01:00	4068.85	4070.68	4068.78	4069.93	448	0	0
2026.07.02	10:02:00	4069.93	4070.45	4069.27	4070.36	436	0	0
2026.07.02	10:03:00	4070.36	4070.36	4067.22	4068.04	335	0	0
2026.07.02	10:04:00	4068.04	4069.82	4067.86	4069.35	296	0	0
2026.07.02	10:05:00	4069.33	4069.73	4067.75	4068.85	412	0	0
2026.07.02	10:06:00	4068.85	4071.33	4068.85	4071.01	349	0	0
2026.07.02	10:07:00	4071.01	4071.09	4069.35	4070.34	483	0	0
2026.07.02	10:08:00	4070.34	4072.34	4070.05	4071.11	358	0	0
2026.07.02	10:09:00	4071.11	4072.02	4069.54	4071.92	402	0	0
2026.07.02	10:10:00	4071.92	4074.21	4071.30	4072.78	361	0	0
2026.07.02	10:11:00	4072.76	4072.99	4070.34	4070.86	330	0	0
2026.07.02	10:12:00	4070.88	4071.63	4068.53	4069.07	317	0	0
2026.07.02	10:13:00	4069.07	4069.40	4067.41	4068.40	375	0	0
2026.07.02	10:14:00	4068.40	4069.41	4067.26	4067.83	454	0	0
2026.07.02	10:15:00	4067.83	4068.47	4066.83	4067.20	405	0	0
2026.07.02	10:16:00	4067.20	4067.53	4066.02	4066.66	378	0	0
2026.07.02	10:17:00	4066.66	4067.18	4066.12	4066.48	352	0	0
2026.07.02	10:18:00	4066.48	4066.96	4065.83	4066.81	371	0	0
2026.07.02	10:19:00	4066.81	4067.00	4064.47	4065.18	403	0	0
2026.07.02	10:20:00	4065.18	4065.92	4064.84	4065.74	250	0	0
2026.07.02	10:21:00	4065.74	4066.64	4065.45	4066.09	253	0	0
2026.07.02	10:22:00	4066.09	4067.22	4065.12	4065.75	283	0	0
2026.07.02	10:23:00	4065.75	4065.92	4061.49	4062.37	427	0	0
2026.07.02	10:24:00	4062.37	4063.01	4061.59	4061.63	353	0	0
2026.07.02	10:25:00	4061.65	4063.66	4060.64	4063.64	367	0	0
2026.07.02	10:26:00	4063.64	4064.39	4062.86	4063.41	336	0	0
2026.07.02	10:27:00	4063.41	4063.47	4061.04	4061.25	394	0	0
2026.07.02	10:28:00	4061.25	4063.66	4061.22	4063.43	323	0	0
2026.07.02	10:29:00	4063.43	4063.61	4062.39	4062.39	280	0	0
2026.07.02	10:30:00	4062.39	4063.22	4060.86	4062.08	381	0	0
2026.07.02	10:31:00	4062.06	4064.35	4062.03	4063.72	306	0	0
2026.07.02	10:32:00	4063.72	4063.98	4063.12	4063.36	317	0	0
2026.07.02	10:33:00	4063.36	4064.61	4063.33	4064.34	321	0	0
2026.07.02	10:34:00	4064.34	4064.36	4063.12	4063.88	257	0	0
2026.07.02	10:35:00	4063.88	4064.96	4063.24	4064.91	321	0	0
2026.07.02	10:36:00	4064.91	4065.87	4064.86	4065.43	264	0	0
2026.07.02	10:37:00	4065.43	4067.31	4065.30	4067.26	238	0	0
2026.07.02	10:38:00	4067.26	4069.10	4066.65	4069.09	282	0	0
2026.07.02	10:39:00	4069.09	4071.12	4068.63	4071.07	292	0	0
2026.07.02	10:40:00	4071.07	4072.11	4070.36	4072.11	300	0	0
2026.07.02	10:41:00	4072.11	4073.35	4071.41	4072.81	366	0	0
2026.07.02	10:42:00	4072.81	4075.55	4072.77	4074.52	352	0	0
2026.07.02	10:43:00	4074.52	4075.29	4073.70	4074.09	362	0	0
2026.07.02	10:44:00	4074.08	4075.10	4073.89	4074.51	344	0	0
2026.07.02	10:45:00	4074.51	4074.99	4071.67	4071.78	392	0	0
2026.07.02	10:46:00	4071.78	4072.45	4069.81	4070.52	358	0	0
2026.07.02	10:47:00	4070.52	4070.86	4067.92	4067.92	319	0	0
2026.07.02	10:48:00	4067.92	4069.52	4067.44	4068.98	314	0	0
2026.07.02	10:49:00	4068.98	4069.92	4068.82	4069.77	279	0	0
2026.07.02	10:50:00	4069.77	4070.57	4069.16	4069.44	274	0	0
2026.07.02	10:51:00	4069.44	4069.44	4067.83	4068.56	336	0	0
2026.07.02	10:52:00	4068.56	4070.17	4068.39	4070.04	321	0	0
2026.07.02	10:53:00	4070.03	4070.04	4067.01	4067.10	277	0	0
2026.07.02	10:54:00	4067.08	4067.11	4065.46	4066.37	372	0	0
2026.07.02	10:55:00	4066.37	4066.42	4063.62	4064.85	388	0	0
2026.07.02	10:56:00	4064.96	4066.89	4064.94	4066.56	339	0	0
2026.07.02	10:57:00	4066.56	4066.78	4065.46	4066.03	324	0	0
2026.07.02	10:58:00	4066.02	4066.90	4064.98	4065.53	401	0	0
2026.07.02	10:59:00	4065.53	4066.10	4064.45	4064.67	349	0	0
2026.07.02	11:00:00	4064.67	4065.37	4061.38	4061.72	469	0	0
2026.07.02	11:01:00	4061.72	4064.26	4061.30	4064.05	473	0	0
2026.07.02	11:02:00	4064.05	4065.04	4063.51	4064.68	369	0	0
2026.07.02	11:03:00	4064.68	4066.47	4064.61	4066.47	407	0	0
2026.07.02	11:04:00	4066.46	4066.77	4065.54	4066.13	370	0	0
2026.07.02	11:05:00	4066.13	4069.20	4065.84	4069.15	443	0	0
2026.07.02	11:06:00	4069.15	4069.15	4066.92	4068.40	367	0	0
2026.07.02	11:07:00	4068.40	4069.54	4067.59	4068.07	445	0	0
2026.07.02	11:08:00	4068.07	4069.47	4068.07	4069.10	357	0	0
2026.07.02	11:09:00	4069.09	4071.88	4069.09	4071.37	336	0	0
2026.07.02	11:10:00	4071.37	4074.33	4071.17	4072.85	335	0	0
2026.07.02	11:11:00	4072.85	4073.02	4071.97	4072.14	330	0	0
2026.07.02	11:12:00	4072.14	4072.43	4071.27	4072.33	365	0	0
2026.07.02	11:13:00	4072.33	4072.81	4071.18	4071.66	321	0	0
2026.07.02	11:14:00	4071.66	4071.67	4068.74	4070.09	346	0	0
2026.07.02	11:15:00	4070.09	4071.12	4069.33	4070.96	574	0	0
2026.07.02	11:16:00	4070.96	4071.67	4069.94	4071.45	436	0	0
2026.07.02	11:17:00	4071.45	4072.31	4070.91	4070.95	428	0	0
2026.07.02	11:18:00	4070.95	4071.02	4069.12	4069.35	325	0	0
2026.07.02	11:19:00	4069.35	4073.37	4068.89	4073.36	328	0	0
2026.07.02	11:20:00	4073.36	4074.44	4072.97	4073.42	323	0	0
2026.07.02	11:21:00	4073.42	4074.81	4073.38	4074.42	332	0	0
2026.07.02	11:22:00	4074.42	4077.49	4073.85	4077.35	362	0	0
2026.07.02	11:23:00	4077.35	4077.98	4075.15	4075.45	331	0	0
2026.07.02	11:24:00	4075.45	4075.51	4073.95	4075.09	315	0	0
2026.07.02	11:25:00	4075.09	4075.46	4073.94	4075.10	267	0	0
2026.07.02	11:26:00	4075.10	4075.27	4074.10	4074.75	339	0	0
2026.07.02	11:27:00	4074.75	4074.93	4073.26	4074.62	440	0	0
2026.07.02	11:28:00	4074.62	4075.34	4074.49	4074.79	312	0	0
2026.07.02	11:29:00	4074.79	4075.15	4073.94	4075.12	295	0	0
2026.07.02	11:30:00	4075.12	4075.26	4073.26	4075.23	397	0	0
2026.07.02	11:31:00	4075.21	4075.54	4073.09	4073.54	315	0	0
2026.07.02	11:32:00	4073.54	4073.88	4072.46	4073.33	422	0	0
2026.07.02	11:33:00	4073.33	4075.01	4072.30	4072.68	389	0	0
2026.07.02	11:34:00	4072.68	4074.29	4072.30	4073.92	351	0	0
2026.07.02	11:35:00	4073.92	4073.92	4072.17	4073.37	292	0	0
2026.07.02	11:36:00	4073.39	4075.99	4073.39	4074.68	356	0	0
2026.07.02	11:37:00	4074.71	4075.53	4073.75	4075.35	327	0	0
2026.07.02	11:38:00	4075.35	4075.38	4072.96	4073.31	296	0	0
2026.07.02	11:39:00	4073.31	4075.81	4073.31	4075.25	385	0	0
2026.07.02	11:40:00	4075.25	4075.71	4074.04	4075.71	339	0	0
2026.07.02	11:41:00	4075.71	4076.34	4074.99	4075.17	287	0	0
2026.07.02	11:42:00	4075.15	4077.85	4075.14	4077.03	312	0	0
2026.07.02	11:43:00	4077.03	4077.60	4076.36	4077.29	341	0	0
2026.07.02	11:44:00	4077.29	4077.47	4074.97	4075.37	390	0	0
2026.07.02	11:45:00	4075.36	4076.60	4075.13	4075.76	348	0	0
2026.07.02	11:46:00	4075.76	4075.85	4073.41	4074.45	371	0	0
2026.07.02	11:47:00	4074.45	4076.12	4073.89	4076.09	335	0	0
2026.07.02	11:48:00	4076.13	4079.74	4075.88	4079.54	624	0	0
2026.07.02	11:49:00	4079.54	4079.58	4076.51	4076.56	430	0	0
2026.07.02	11:50:00	4076.54	4077.03	4075.50	4076.41	420	0	0
2026.07.02	11:51:00	4076.41	4077.40	4074.68	4074.82	543	0	0
2026.07.02	11:52:00	4074.82	4075.13	4073.21	4074.75	338	0	0
2026.07.02	11:53:00	4074.75	4077.90	4074.74	4077.68	283	0	0
2026.07.02	11:54:00	4077.68	4078.71	4077.16	4078.31	214	0	0
2026.07.02	11:55:00	4078.31	4078.86	4077.76	4078.26	239	0	0
2026.07.02	11:56:00	4078.27	4080.08	4078.08	4078.57	306	0	0
2026.07.02	11:57:00	4078.57	4078.66	4077.50	4077.95	308	0	0
2026.07.02	11:58:00	4077.95	4078.35	4075.92	4076.47	270	0	0
2026.07.02	11:59:00	4076.47	4077.45	4075.90	4076.04	312	0	0
2026.07.02	12:00:00	4076.04	4076.18	4075.21	4075.88	367	0	0
2026.07.02	12:01:00	4075.90	4076.99	4075.41	4076.82	295	0	0
2026.07.02	12:02:00	4076.82	4076.82	4074.77	4075.12	288	0	0
2026.07.02	12:03:00	4075.12	4076.20	4074.94	4076.07	375	0	0
2026.07.02	12:04:00	4076.07	4076.57	4075.23	4075.26	362	0	0
2026.07.02	12:05:00	4075.26	4075.79	4074.02	4074.98	403	0	0
2026.07.02	12:06:00	4074.98	4075.05	4071.92	4072.05	354	0	0
2026.07.02	12:07:00	4072.05	4072.07	4070.37	4070.96	366	0	0
2026.07.02	12:08:00	4070.96	4070.99	4069.41	4069.74	300	0	0
2026.07.02	12:09:00	4069.73	4071.23	4069.73	4071.21	251	0	0
2026.07.02	12:10:00	4071.21	4071.79	4070.53	4070.65	295	0	0
2026.07.02	12:11:00	4070.65	4071.52	4070.61	4071.15	272	0	0
2026.07.02	12:12:00	4071.15	4072.45	4070.55	4072.30	292	0	0
2026.07.02	12:13:00	4072.30	4072.68	4071.79	4072.25	252	0	0
2026.07.02	12:14:00	4072.25	4072.73	4071.49	4072.31	257	0	0
2026.07.02	12:15:00	4072.30	4072.65	4071.08	4071.21	359	0	0
2026.07.02	12:16:00	4071.21	4071.23	4069.46	4070.05	297	0	0
2026.07.02	12:17:00	4070.05	4072.51	4069.48	4071.70	293	0	0
2026.07.02	12:18:00	4071.70	4073.18	4071.61	4072.91	245	0	0
2026.07.02	12:19:00	4072.91	4073.71	4071.35	4071.36	288	0	0
2026.07.02	12:20:00	4071.36	4072.14	4071.12	4071.77	273	0	0
2026.07.02	12:21:00	4071.77	4071.78	4070.18	4070.92	211	0	0
2026.07.02	12:22:00	4070.92	4071.07	4069.47	4070.75	270	0	0
2026.07.02	12:23:00	4070.75	4070.79	4070.01	4070.58	214	0	0
2026.07.02	12:24:00	4070.58	4070.65	4067.32	4067.65	238	0	0
2026.07.02	12:25:00	4067.62	4067.96	4066.22	4067.29	394	0	0
2026.07.02	12:26:00	4067.28	4067.61	4066.66	4066.66	314	0	0
2026.07.02	12:27:00	4066.68	4067.56	4066.57	4066.83	331	0	0
2026.07.02	12:28:00	4066.81	4067.80	4066.49	4066.95	295	0	0
2026.07.02	12:29:00	4066.95	4068.01	4066.68	4067.73	257	0	0
2026.07.02	12:30:00	4067.73	4068.28	4065.20	4066.29	495	0	0
2026.07.02	12:31:00	4066.29	4066.29	4064.10	4064.22	399	0	0
2026.07.02	12:32:00	4064.22	4066.31	4064.10	4064.79	429	0	0
2026.07.02	12:33:00	4064.79	4066.11	4064.48	4065.08	349	0	0
2026.07.02	12:34:00	4065.08	4067.17	4064.50	4065.93	303	0	0
2026.07.02	12:35:00	4065.95	4067.07	4065.58	4066.86	358	0	0
2026.07.02	12:36:00	4066.86	4067.15	4065.03	4065.80	311	0	0
2026.07.02	12:37:00	4065.80	4066.14	4065.11	4065.37	309	0	0
2026.07.02	12:38:00	4065.37	4066.78	4065.37	4066.77	317	0	0
2026.07.02	12:39:00	4066.76	4067.53	4066.23	4067.53	246	0	0
2026.07.02	12:40:00	4067.53	4067.87	4065.67	4067.71	281	0	0
2026.07.02	12:41:00	4067.70	4069.86	4067.62	4069.86	355	0	0
2026.07.02	12:42:00	4069.86	4072.25	4069.65	4071.66	296	0	0
2026.07.02	12:43:00	4071.66	4071.77	4068.96	4069.03	322	0	0
2026.07.02	12:44:00	4069.03	4070.15	4068.51	4069.36	350	0	0
2026.07.02	12:45:00	4069.36	4071.26	4069.20	4070.67	330	0	0
2026.07.02	12:46:00	4070.67	4071.70	4070.27	4071.31	309	0	0
2026.07.02	12:47:00	4071.31	4072.38	4070.96	4070.96	289	0	0
2026.07.02	12:48:00	4070.98	4071.09	4069.62	4069.84	333	0	0
2026.07.02	12:49:00	4069.86	4070.02	4068.36	4069.10	241	0	0
2026.07.02	12:50:00	4069.10	4070.26	4068.58	4069.83	277	0	0
2026.07.02	12:51:00	4069.83	4070.73	4068.93	4068.94	365	0	0
2026.07.02	12:52:00	4068.94	4068.99	4067.73	4067.86	237	0	0
2026.07.02	12:53:00	4067.86	4068.66	4067.26	4067.69	303	0	0
2026.07.02	12:54:00	4067.69	4067.81	4065.89	4066.05	357	0	0
2026.07.02	12:55:00	4066.04	4066.04	4064.54	4065.19	393	0	0
2026.07.02	12:56:00	4065.19	4066.92	4065.19	4066.49	239	0	0
2026.07.02	12:57:00	4066.49	4067.16	4065.75	4066.94	245	0	0
2026.07.02	12:58:00	4066.94	4067.17	4066.15	4066.15	212	0	0
2026.07.02	12:59:00	4066.15	4067.09	4064.99	4065.33	240	0	0
2026.07.02	13:00:00	4065.33	4065.90	4064.79	4065.85	372	0	0
2026.07.02	13:01:00	4065.85	4066.31	4063.85	4064.73	403	0	0
2026.07.02	13:02:00	4064.70	4066.30	4064.34	4066.24	288	0	0
2026.07.02	13:03:00	4066.24	4066.60	4063.44	4063.59	278	0	0
2026.07.02	13:04:00	4063.59	4064.61	4062.93	4063.59	351	0	0
2026.07.02	13:05:00	4063.59	4065.19	4063.40	4064.82	271	0	0
2026.07.02	13:06:00	4064.79	4064.79	4063.04	4063.91	281	0	0
2026.07.02	13:07:00	4063.91	4065.55	4063.39	4064.90	326	0	0
2026.07.02	13:08:00	4064.99	4064.99	4063.60	4064.04	374	0	0
2026.07.02	13:09:00	4064.06	4065.04	4064.00	4064.25	406	0	0
2026.07.02	13:10:00	4064.25	4066.08	4063.68	4065.81	293	0	0
2026.07.02	13:11:00	4065.83	4065.92	4062.55	4063.70	354	0	0
2026.07.02	13:12:00	4063.70	4064.15	4063.39	4063.83	307	0	0
2026.07.02	13:13:00	4063.83	4064.29	4062.66	4062.69	402	0	0
2026.07.02	13:14:00	4062.64	4063.50	4062.47	4063.33	357	0	0
2026.07.02	13:15:00	4063.33	4063.63	4061.96	4062.25	385	0	0
2026.07.02	13:16:00	4062.25	4063.18	4062.17	4062.75	333	0	0
2026.07.02	13:17:00	4062.75	4063.24	4062.17	4063.20	264	0	0
2026.07.02	13:18:00	4063.20	4064.06	4062.47	4063.58	229	0	0
2026.07.02	13:19:00	4063.57	4066.20	4063.37	4065.64	287	0	0
2026.07.02	13:20:00	4065.64	4065.72	4064.58	4064.83	364	0	0
2026.07.02	13:21:00	4064.83	4066.02	4064.60	4065.72	259	0	0
2026.07.02	13:22:00	4065.72	4068.16	4065.72	4067.09	342	0	0
2026.07.02	13:23:00	4067.09	4067.35	4066.42	4066.83	253	0	0
2026.07.02	13:24:00	4066.83	4067.22	4066.18	4066.82	206	0	0
2026.07.02	13:25:00	4066.82	4067.01	4066.14	4066.92	223	0	0
2026.07.02	13:26:00	4066.92	4067.00	4065.94	4066.20	252	0	0
2026.07.02	13:27:00	4066.20	4067.66	4066.15	4067.00	251	0	0
2026.07.02	13:28:00	4067.02	4067.15	4065.50	4066.02	306	0	0
2026.07.02	13:29:00	4066.02	4066.31	4065.25	4066.19	254	0	0
2026.07.02	13:30:00	4066.19	4066.40	4064.64	4066.00	277	0	0
2026.07.02	13:31:00	4066.00	4066.82	4065.00	4065.75	294	0	0
2026.07.02	13:32:00	4065.75	4065.80	4064.22	4064.25	219	0	0
2026.07.02	13:33:00	4064.25	4065.46	4063.97	4064.42	290	0	0
2026.07.02	13:34:00	4064.42	4066.25	4064.41	4065.75	270	0	0
2026.07.02	13:35:00	4065.76	4066.50	4065.20	4066.50	228	0	0
2026.07.02	13:36:00	4066.50	4066.51	4064.94	4065.08	244	0	0
2026.07.02	13:37:00	4065.08	4065.29	4064.72	4065.03	314	0	0
2026.07.02	13:38:00	4065.02	4065.63	4063.89	4063.90	225	0	0
2026.07.02	13:39:00	4063.89	4064.64	4063.34	4063.68	293	0	0
2026.07.02	13:40:00	4063.68	4064.87	4063.22	4064.27	224	0	0
2026.07.02	13:41:00	4064.27	4067.69	4064.08	4067.61	267	0	0
2026.07.02	13:42:00	4067.61	4068.74	4067.55	4068.04	325	0	0
2026.07.02	13:43:00	4068.04	4068.20	4064.47	4064.54	379	0	0
2026.07.02	13:44:00	4064.54	4065.17	4064.36	4064.72	299	0	0
2026.07.02	13:45:00	4064.70	4064.71	4062.71	4064.27	239	0	0
2026.07.02	13:46:00	4064.29	4064.63	4063.75	4064.02	306	0	0
2026.07.02	13:47:00	4064.00	4064.56	4063.20	4063.98	284	0	0
2026.07.02	13:48:00	4063.99	4064.32	4063.02	4063.71	234	0	0
2026.07.02	13:49:00	4063.71	4063.99	4061.77	4061.85	301	0	0
2026.07.02	13:50:00	4061.85	4064.13	4061.50	4063.93	251	0	0
2026.07.02	13:51:00	4063.92	4064.50	4063.56	4063.56	237	0	0
2026.07.02	13:52:00	4063.56	4064.19	4063.21	4063.60	257	0	0
2026.07.02	13:53:00	4063.59	4063.75	4062.98	4063.10	231	0	0
2026.07.02	13:54:00	4063.10	4064.10	4062.80	4063.82	235	0	0
2026.07.02	13:55:00	4063.82	4064.08	4063.17	4063.33	259	0	0
2026.07.02	13:56:00	4063.33	4063.53	4062.47	4063.00	301	0	0
2026.07.02	13:57:00	4063.00	4064.72	4062.95	4064.56	251	0	0
2026.07.02	13:58:00	4064.56	4067.14	4064.35	4067.06	277	0	0
2026.07.02	13:59:00	4067.06	4068.20	4065.84	4066.34	395	0	0
2026.07.02	14:00:00	4066.33	4067.13	4062.85	4063.90	602	0	0
2026.07.02	14:01:00	4063.90	4065.05	4063.05	4063.94	507	0	0
2026.07.02	14:02:00	4063.94	4064.04	4061.19	4061.84	463	0	0
2026.07.02	14:03:00	4061.85	4061.96	4061.00	4061.22	365	0	0
2026.07.02	14:04:00	4061.31	4061.40	4059.96	4060.27	528	0	0
2026.07.02	14:05:00	4060.27	4060.80	4059.67	4060.37	350	0	0
2026.07.02	14:06:00	4060.37	4060.37	4057.91	4058.15	550	0	0
2026.07.02	14:07:00	4058.13	4058.69	4057.45	4057.90	385	0	0
2026.07.02	14:08:00	4057.90	4058.72	4057.80	4058.27	311	0	0
2026.07.02	14:09:00	4058.27	4059.57	4058.23	4059.56	318	0	0
2026.07.02	14:10:00	4059.56	4062.07	4059.56	4060.67	341	0	0
2026.07.02	14:11:00	4060.67	4061.48	4060.07	4061.32	333	0	0
2026.07.02	14:12:00	4061.32	4063.19	4061.22	4061.49	256	0	0
2026.07.02	14:13:00	4061.49	4062.60	4061.09	4062.01	310	0	0
2026.07.02	14:14:00	4062.01	4063.36	4061.69	4063.30	309	0	0
2026.07.02	14:15:00	4063.30	4064.26	4063.20	4063.53	333	0	0
2026.07.02	14:16:00	4063.53	4065.18	4063.18	4064.91	350	0	0
2026.07.02	14:17:00	4064.91	4065.13	4063.76	4064.48	271	0	0
2026.07.02	14:18:00	4064.48	4065.00	4062.76	4064.24	284	0	0
2026.07.02	14:19:00	4064.24	4067.30	4064.24	4065.47	400	0	0
2026.07.02	14:20:00	4065.47	4065.58	4062.91	4063.61	341	0	0
2026.07.02	14:21:00	4063.61	4064.79	4063.04	4064.54	354	0	0
2026.07.02	14:22:00	4064.55	4064.60	4063.38	4063.81	278	0	0
2026.07.02	14:23:00	4063.81	4064.72	4063.12	4063.89	497	0	0
2026.07.02	14:24:00	4063.89	4064.38	4063.08	4064.35	392	0	0
2026.07.02	14:25:00	4064.36	4064.79	4063.74	4064.01	401	0	0
2026.07.02	14:26:00	4063.97	4064.46	4062.99	4064.45	409	0	0
2026.07.02	14:27:00	4064.45	4066.26	4064.32	4065.98	307	0	0
2026.07.02	14:28:00	4065.98	4066.05	4064.89	4064.94	327	0	0
2026.07.02	14:29:00	4064.94	4066.28	4064.77	4065.57	226	0	0
2026.07.02	14:30:00	4065.57	4067.16	4065.42	4066.37	264	0	0
2026.07.02	14:31:00	4066.37	4066.87	4065.03	4065.11	363	0	0
2026.07.02	14:32:00	4065.11	4066.83	4065.00	4065.76	367	0	0
2026.07.02	14:33:00	4065.78	4066.14	4064.28	4065.55	305	0	0
2026.07.02	14:34:00	4065.55	4066.64	4064.87	4065.28	382	0	0
2026.07.02	14:35:00	4065.28	4065.50	4063.59	4063.86	260	0	0
2026.07.02	14:36:00	4063.86	4065.50	4063.37	4064.75	317	0	0
2026.07.02	14:37:00	4064.75	4064.94	4064.28	4064.57	196	0	0
2026.07.02	14:38:00	4064.56	4065.40	4064.35	4064.72	222	0	0
2026.07.02	14:39:00	4064.72	4067.30	4064.54	4066.87	322	0	0
2026.07.02	14:40:00	4066.87	4067.57	4065.51	4065.54	316	0	0
2026.07.02	14:41:00	4065.53	4067.42	4065.11	4067.03	310	0	0
2026.07.02	14:42:00	4067.03	4067.23	4065.79	4066.74	310	0	0
2026.07.02	14:43:00	4066.74	4071.43	4066.74	4071.14	375	0	0
2026.07.02	14:44:00	4071.14	4071.75	4070.25	4071.18	367	0	0
2026.07.02	14:45:00	4071.18	4072.29	4069.97	4071.41	318	0	0
2026.07.02	14:46:00	4071.40	4071.40	4067.97	4068.86	383	0	0
2026.07.02	14:47:00	4068.86	4070.03	4068.79	4069.10	254	0	0
2026.07.02	14:48:00	4069.10	4071.13	4068.05	4071.00	434	0	0
2026.07.02	14:49:00	4071.00	4071.89	4070.42	4071.16	359	0	0
2026.07.02	14:50:00	4071.15	4071.89	4070.00	4070.28	321	0	0
2026.07.02	14:51:00	4070.29	4071.00	4069.62	4070.81	268	0	0
2026.07.02	14:52:00	4070.81	4071.61	4070.70	4071.61	257	0	0
2026.07.02	14:53:00	4071.61	4071.76	4070.26	4070.48	286	0	0
2026.07.02	14:54:00	4070.48	4070.81	4069.99	4070.59	282	0	0
2026.07.02	14:55:00	4070.59	4071.09	4069.49	4069.67	247	0	0
2026.07.02	14:56:00	4069.67	4070.20	4068.95	4069.05	244	0	0
2026.07.02	14:57:00	4069.05	4069.58	4066.99	4067.59	361	0	0
2026.07.02	14:58:00	4067.59	4068.16	4065.53	4066.22	346	0	0
2026.07.02	14:59:00	4066.21	4066.46	4065.27	4065.27	324	0	0
2026.07.02	15:00:00	4065.27	4065.38	4063.44	4064.32	478	0	0
2026.07.02	15:01:00	4064.32	4064.64	4063.15	4063.76	382	0	0
2026.07.02	15:02:00	4063.76	4065.31	4062.76	4063.72	359	0	0
2026.07.02	15:03:00	4063.72	4064.16	4062.69	4063.88	329	0	0
2026.07.02	15:04:00	4063.88	4066.85	4062.90	4066.80	437	0	0
2026.07.02	15:05:00	4066.80	4069.14	4066.80	4069.08	330	0	0
2026.07.02	15:06:00	4069.08	4073.53	4068.52	4072.38	527	0	0
2026.07.02	15:07:00	4072.35	4072.47	4069.74	4070.88	556	0	0
2026.07.02	15:08:00	4070.88	4072.49	4070.78	4071.78	486	0	0
2026.07.02	15:09:00	4071.78	4071.78	4069.86	4069.99	405	0	0
2026.07.02	15:10:00	4069.96	4071.15	4069.84	4070.21	379	0	0
2026.07.02	15:11:00	4070.21	4070.31	4067.37	4067.86	350	0	0
2026.07.02	15:12:00	4067.87	4068.52	4066.76	4067.26	460	0	0
2026.07.02	15:13:00	4067.26	4067.44	4063.65	4063.87	548	0	0
2026.07.02	15:14:00	4063.87	4064.87	4061.18	4064.21	497	0	0
2026.07.02	15:15:00	4064.21	4064.78	4062.62	4063.28	313	0	0
2026.07.02	15:16:00	4063.28	4064.89	4061.98	4064.49	362	0	0
2026.07.02	15:17:00	4064.49	4064.67	4062.18	4062.58	347	0	0
2026.07.02	15:18:00	4062.58	4064.49	4062.56	4063.28	446	0	0
2026.07.02	15:19:00	4063.28	4064.17	4061.69	4061.95	446	0	0
2026.07.02	15:20:00	4061.96	4068.74	4061.96	4067.90	426	0	0
2026.07.02	15:21:00	4067.90	4068.81	4066.07	4066.79	469	0	0
2026.07.02	15:22:00	4066.79	4066.88	4065.30	4066.11	516	0	0
2026.07.02	15:23:00	4066.11	4066.46	4064.02	4066.22	520	0	0
2026.07.02	15:24:00	4066.22	4067.43	4065.32	4067.39	452	0	0
2026.07.02	15:25:00	4067.38	4069.66	4067.26	4068.49	589	0	0
2026.07.02	15:26:00	4068.49	4069.54	4068.21	4068.24	420	0	0
2026.07.02	15:27:00	4068.24	4068.62	4065.67	4066.15	530	0	0
2026.07.02	15:28:00	4066.15	4066.32	4063.82	4064.92	494	0	0
2026.07.02	15:29:00	4064.91	4065.19	4062.90	4065.05	429	0	0
2026.07.02	15:30:00	4065.05	4123.40	4065.04	4117.86	1657	0	0
2026.07.02	15:31:00	4117.85	4123.46	4104.99	4110.23	1337	0	0
2026.07.02	15:32:00	4110.23	4123.37	4108.26	4117.94	1124	0	0
2026.07.02	15:33:00	4117.94	4121.21	4109.90	4121.19	1134	0	0
2026.07.02	15:34:00	4121.17	4127.55	4117.57	4127.36	1105	0	0
2026.07.02	15:35:00	4127.36	4130.81	4125.39	4130.31	932	0	0
2026.07.02	15:36:00	4130.31	4135.88	4126.97	4127.56	867	0	0
2026.07.02	15:37:00	4127.78	4134.27	4127.16	4133.55	1216	0	0
2026.07.02	15:38:00	4133.55	4133.55	4123.87	4132.70	1231	0	0
2026.07.02	15:39:00	4132.70	4138.81	4132.55	4137.02	1290	0	0
2026.07.02	15:40:00	4136.96	4140.56	4135.92	4139.23	994	0	0
2026.07.02	15:41:00	4139.23	4139.23	4130.47	4130.53	831	0	0
2026.07.02	15:42:00	4130.53	4136.39	4130.53	4134.71	977	0	0
2026.07.02	15:43:00	4134.81	4139.47	4132.95	4137.29	907	0	0
2026.07.02	15:44:00	4137.26	4137.48	4131.47	4132.41	980	0	0
2026.07.02	15:45:00	4132.41	4134.13	4130.05	4132.16	1078	0	0
2026.07.02	15:46:00	4132.16	4132.16	4127.55	4129.45	875	0	0
2026.07.02	15:47:00	4129.45	4129.65	4122.08	4122.32	779	0	0
2026.07.02	15:48:00	4122.28	4126.74	4122.15	4126.42	722	0	0
2026.07.02	15:49:00	4126.42	4126.60	4120.23	4124.92	879	0	0
2026.07.02	15:50:00	4124.89	4130.71	4122.52	4127.48	714	0	0
2026.07.02	15:51:00	4127.43	4128.03	4122.97	4123.25	647	0	0
2026.07.02	15:52:00	4123.25	4128.72	4123.13	4124.87	700	0	0
2026.07.02	15:53:00	4124.87	4124.93	4121.71	4122.11	749	0	0
2026.07.02	15:54:00	4122.11	4123.56	4119.29	4119.91	709	0	0
2026.07.02	15:55:00	4120.00	4121.37	4118.10	4118.31	854	0	0
2026.07.02	15:56:00	4118.31	4118.97	4114.36	4116.46	802	0	0
2026.07.02	15:57:00	4116.45	4116.95	4112.27	4113.82	866	0	0
2026.07.02	15:58:00	4113.92	4115.41	4112.17	4112.33	697	0	0
2026.07.02	15:59:00	4112.33	4118.79	4112.13	4117.60	756	0	0
2026.07.02	16:00:00	4117.60	4129.82	4117.60	4122.85	1222	0	0
2026.07.02	16:01:00	4122.85	4123.18	4115.60	4118.34	874	0	0
2026.07.02	16:02:00	4118.44	4125.46	4118.12	4122.89	764	0	0
2026.07.02	16:03:00	4122.89	4125.80	4121.33	4123.49	673	0	0
2026.07.02	16:04:00	4123.49	4128.09	4121.02	4126.94	642	0	0
2026.07.02	16:05:00	4126.94	4127.10	4120.95	4122.18	657	0	0
2026.07.02	16:06:00	4122.18	4123.04	4117.94	4121.16	710	0	0
2026.07.02	16:07:00	4121.16	4122.91	4118.17	4118.57	654	0	0
2026.07.02	16:08:00	4118.57	4120.91	4117.18	4117.21	588	0	0
2026.07.02	16:09:00	4117.21	4119.93	4116.01	4117.97	716	0	0
2026.07.02	16:10:00	4117.97	4121.25	4117.02	4119.54	677	0	0
2026.07.02	16:11:00	4119.54	4125.27	4119.33	4124.84	731	0	0
2026.07.02	16:12:00	4124.84	4125.90	4123.10	4124.48	744	0	0
2026.07.02	16:13:00	4124.48	4124.48	4121.15	4122.62	542	0	0
2026.07.02	16:14:00	4122.75	4126.64	4122.28	4124.41	634	0	0
2026.07.02	16:15:00	4124.41	4124.61	4120.68	4120.68	636	0	0
2026.07.02	16:16:00	4120.68	4122.60	4120.21	4122.26	541	0	0
2026.07.02	16:17:00	4122.26	4122.57	4119.65	4120.04	654	0	0
2026.07.02	16:18:00	4120.03	4120.45	4114.88	4117.45	732	0	0
2026.07.02	16:19:00	4117.45	4119.34	4115.67	4119.34	664	0	0
2026.07.02	16:20:00	4119.25	4119.32	4113.56	4114.37	629	0	0
2026.07.02	16:21:00	4114.37	4117.85	4113.69	4116.68	526	0	0
2026.07.02	16:22:00	4116.68	4116.70	4113.48	4116.31	542	0	0
2026.07.02	16:23:00	4116.31	4120.26	4116.24	4116.65	607	0	0
2026.07.02	16:24:00	4116.65	4117.52	4113.28	4114.11	490	0	0
2026.07.02	16:25:00	4114.20	4115.53	4109.35	4111.32	670	0	0
2026.07.02	16:26:00	4111.32	4114.49	4110.46	4114.49	507	0	0
2026.07.02	16:27:00	4114.49	4117.17	4113.92	4115.19	517	0	0
2026.07.02	16:28:00	4115.19	4115.52	4112.82	4113.58	553	0	0
2026.07.02	16:29:00	4113.58	4115.30	4112.41	4113.15	663	0	0
2026.07.02	16:30:00	4113.15	4118.62	4110.13	4116.43	1135	0	0
2026.07.02	16:31:00	4116.48	4121.71	4116.18	4117.07	725	0	0
2026.07.02	16:32:00	4117.03	4123.85	4116.88	4123.43	738	0	0
2026.07.02	16:33:00	4123.41	4128.20	4122.34	4127.92	743	0	0
2026.07.02	16:34:00	4127.92	4129.84	4126.96	4127.78	755	0	0
2026.07.02	16:35:00	4127.78	4137.94	4127.00	4136.46	769	0	0
2026.07.02	16:36:00	4136.39	4138.36	4131.93	4134.39	745	0	0
2026.07.02	16:37:00	4134.39	4135.21	4131.62	4132.75	679	0	0
2026.07.02	16:38:00	4132.58	4133.03	4127.97	4130.86	636	0	0
2026.07.02	16:39:00	4130.86	4135.56	4130.32	4135.40	658	0	0
2026.07.02	16:40:00	4135.40	4137.81	4133.04	4133.73	664	0	0
2026.07.02	16:41:00	4133.72	4133.80	4128.15	4128.40	692	0	0
2026.07.02	16:42:00	4128.40	4129.23	4126.91	4129.12	601	0	0
2026.07.02	16:43:00	4129.16	4138.14	4128.20	4136.41	783	0	0
2026.07.02	16:44:00	4136.41	4137.33	4132.43	4134.75	886	0	0
2026.07.02	16:45:00	4134.80	4137.52	4133.90	4136.73	893	0	0
2026.07.02	16:46:00	4136.73	4138.05	4134.43	4136.88	640	0	0
2026.07.02	16:47:00	4136.87	4140.98	4136.42	4137.95	746	0	0
2026.07.02	16:48:00	4137.95	4140.91	4136.60	4139.67	605	0	0
2026.07.02	16:49:00	4139.67	4143.01	4139.37	4141.09	604	0	0
2026.07.02	16:50:00	4141.09	4144.07	4138.95	4141.31	646	0	0
2026.07.02	16:51:00	4141.31	4143.09	4139.64	4140.90	610	0	0
2026.07.02	16:52:00	4140.88	4144.00	4139.97	4139.97	601	0	0
2026.07.02	16:53:00	4139.98	4142.69	4139.39	4140.23	556	0	0
2026.07.02	16:54:00	4140.23	4140.27	4132.72	4133.50	694	0	0
2026.07.02	16:55:00	4133.50	4136.94	4132.39	4135.68	888	0	0
2026.07.02	16:56:00	4135.68	4141.00	4135.68	4139.40	716	0	0
2026.07.02	16:57:00	4139.40	4140.94	4137.36	4137.67	486	0	0
2026.07.02	16:58:00	4137.67	4138.46	4136.44	4137.28	395	0	0
2026.07.02	16:59:00	4137.28	4137.65	4135.36	4137.01	425	0	0
2026.07.02	17:00:00	4137.01	4138.32	4133.03	4133.90	542	0	0
2026.07.02	17:01:00	4133.90	4135.01	4130.31	4134.12	779	0	0
2026.07.02	17:02:00	4134.25	4134.73	4130.65	4133.71	553	0	0
2026.07.02	17:03:00	4133.71	4134.37	4129.68	4129.93	508	0	0
2026.07.02	17:04:00	4129.93	4130.72	4127.75	4130.48	540	0	0
2026.07.02	17:05:00	4130.48	4131.73	4128.04	4129.02	553	0	0
2026.07.02	17:06:00	4129.02	4132.47	4128.33	4130.23	497	0	0
2026.07.02	17:07:00	4130.23	4132.16	4128.73	4129.78	544	0	0
2026.07.02	17:08:00	4129.86	4134.91	4129.09	4131.43	549	0	0
2026.07.02	17:09:00	4131.43	4132.45	4127.80	4127.80	564	0	0
2026.07.02	17:10:00	4127.80	4128.58	4123.99	4125.04	722	0	0
2026.07.02	17:11:00	4125.04	4127.62	4124.71	4127.31	648	0	0
2026.07.02	17:12:00	4127.31	4131.13	4125.65	4131.01	602	0	0
2026.07.02	17:13:00	4131.06	4131.06	4128.18	4129.35	573	0	0
2026.07.02	17:14:00	4129.35	4130.49	4127.52	4128.59	712	0	0
2026.07.02	17:15:00	4128.65	4130.25	4127.83	4129.06	634	0	0
2026.07.02	17:16:00	4129.06	4136.28	4129.03	4135.75	670	0	0
2026.07.02	17:17:00	4135.75	4135.75	4129.17	4131.25	510	0	0
2026.07.02	17:18:00	4131.25	4132.00	4129.53	4131.00	455	0	0
2026.07.02	17:19:00	4131.00	4131.24	4127.10	4130.79	387	0	0
2026.07.02	17:20:00	4130.79	4130.87	4123.26	4124.88	663	0	0
2026.07.02	17:21:00	4124.88	4125.35	4121.32	4124.99	521	0	0
2026.07.02	17:22:00	4124.99	4126.02	4123.32	4125.79	488	0	0
2026.07.02	17:23:00	4125.79	4126.95	4124.06	4124.34	555	0	0
2026.07.02	17:24:00	4124.34	4126.08	4122.86	4123.58	519	0	0
2026.07.02	17:25:00	4123.58	4124.40	4120.85	4121.04	566	0	0
2026.07.02	17:26:00	4121.04	4121.92	4119.57	4120.08	488	0	0
2026.07.02	17:27:00	4120.08	4120.79	4115.74	4116.41	579	0	0
2026.07.02	17:28:00	4116.41	4117.30	4114.75	4115.70	642	0	0
2026.07.02	17:29:00	4115.70	4117.63	4114.04	4116.36	584	0	0
2026.07.02	17:30:00	4116.36	4119.29	4114.93	4118.86	765	0	0
2026.07.02	17:31:00	4118.86	4125.58	4118.46	4124.25	677	0	0
2026.07.02	17:32:00	4124.25	4124.96	4119.69	4120.81	567	0	0
2026.07.02	17:33:00	4120.83	4124.56	4119.61	4122.58	717	0	0
2026.07.02	17:34:00	4122.58	4123.26	4119.08	4119.73	573	0	0
2026.07.02	17:35:00	4119.73	4120.02	4116.52	4116.93	718	0	0
2026.07.02	17:36:00	4116.94	4119.57	4116.62	4118.04	668	0	0
2026.07.02	17:37:00	4118.04	4120.82	4117.39	4120.03	589	0	0
2026.07.02	17:38:00	4120.04	4120.04	4117.38	4118.97	600	0	0
2026.07.02	17:39:00	4118.97	4120.65	4117.85	4118.65	594	0	0
2026.07.02	17:40:00	4118.65	4120.30	4117.43	4119.24	616	0	0
2026.07.02	17:41:00	4119.24	4120.86	4116.58	4117.44	615	0	0
2026.07.02	17:42:00	4117.44	4118.79	4116.02	4117.48	621	0	0
2026.07.02	17:43:00	4117.44	4118.98	4116.08	4116.98	610	0	0
2026.07.02	17:44:00	4116.98	4119.68	4114.71	4118.71	597	0	0
2026.07.02	17:45:00	4118.71	4120.69	4117.40	4117.44	605	0	0
2026.07.02	17:46:00	4117.45	4119.77	4116.88	4119.65	531	0	0
2026.07.02	17:47:00	4119.65	4120.61	4117.62	4118.08	544	0	0
2026.07.02	17:48:00	4118.08	4118.46	4115.77	4117.01	502	0	0
2026.07.02	17:49:00	4117.01	4122.77	4116.99	4122.65	560	0	0
2026.07.02	17:50:00	4122.65	4124.78	4122.54	4123.24	608	0	0
2026.07.02	17:51:00	4123.24	4126.28	4122.86	4126.05	715	0	0
2026.07.02	17:52:00	4126.05	4126.25	4121.23	4123.17	628	0	0
2026.07.02	17:53:00	4123.17	4123.91	4120.55	4123.60	667	0	0
2026.07.02	17:54:00	4123.60	4125.53	4123.13	4123.84	616	0	0
2026.07.02	17:55:00	4123.84	4126.62	4123.84	4126.47	648	0	0
2026.07.02	17:56:00	4126.52	4128.20	4126.37	4127.65	640	0	0
2026.07.02	17:57:00	4127.65	4128.22	4126.32	4127.22	655	0	0
2026.07.02	17:58:00	4127.22	4129.81	4126.65	4129.58	649	0	0
2026.07.02	17:59:00	4129.55	4129.57	4128.06	4128.58	728	0	0
2026.07.02	18:00:00	4128.58	4128.95	4125.89	4127.89	500	0	0
2026.07.02	18:01:00	4127.95	4130.43	4127.74	4129.65	721	0	0
2026.07.02	18:02:00	4129.65	4131.02	4128.94	4130.52	758	0	0
2026.07.02	18:03:00	4130.44	4131.40	4127.78	4128.39	652	0	0
2026.07.02	18:04:00	4128.39	4129.08	4126.56	4127.11	562	0	0
2026.07.02	18:05:00	4127.11	4127.75	4122.29	4123.10	550	0	0
2026.07.02	18:06:00	4123.10	4123.92	4121.74	4122.96	648	0	0
2026.07.02	18:07:00	4123.09	4123.33	4114.70	4116.54	739	0	0
2026.07.02	18:08:00	4116.54	4121.17	4116.01	4118.98	664	0	0
2026.07.02	18:09:00	4118.96	4121.38	4118.45	4120.98	662	0	0
2026.07.02	18:10:00	4121.13	4124.28	4120.72	4122.56	635	0	0
2026.07.02	18:11:00	4122.56	4128.19	4122.19	4127.74	783	0	0
2026.07.02	18:12:00	4127.74	4130.25	4127.11	4129.98	560	0	0
2026.07.02	18:13:00	4129.98	4130.94	4128.37	4128.37	710	0	0
2026.07.02	18:14:00	4128.34	4128.76	4125.72	4126.41	552	0	0
2026.07.02	18:15:00	4126.41	4128.80	4125.44	4125.72	636	0	0
2026.07.02	18:16:00	4125.74	4126.01	4123.45	4124.06	589	0	0
2026.07.02	18:17:00	4124.14	4125.31	4121.06	4121.62	818	0	0
2026.07.02	18:18:00	4121.62	4124.12	4120.59	4124.03	569	0	0
2026.07.02	18:19:00	4124.03	4124.13	4121.49	4122.10	430	0	0
2026.07.02	18:20:00	4122.13	4124.57	4122.13	4124.36	543	0	0
2026.07.02	18:21:00	4124.35	4126.61	4123.60	4126.04	595	0	0
2026.07.02	18:22:00	4126.04	4127.71	4124.72	4127.09	554	0	0
2026.07.02	18:23:00	4127.09	4128.40	4126.43	4127.98	459	0	0
2026.07.02	18:24:00	4127.94	4131.50	4127.89	4129.68	619	0	0
2026.07.02	18:25:00	4129.68	4130.00	4126.83	4127.48	464	0	0
2026.07.02	18:26:00	4127.48	4129.52	4127.47	4128.24	515	0	0
2026.07.02	18:27:00	4128.25	4128.82	4126.20	4126.58	594	0	0
2026.07.02	18:28:00	4126.58	4126.59	4124.24	4125.46	491	0	0
2026.07.02	18:29:00	4125.46	4125.84	4122.29	4122.58	525	0	0
2026.07.02	18:30:00	4122.56	4126.48	4122.41	4125.29	539	0	0
2026.07.02	18:31:00	4125.29	4128.11	4124.35	4127.71	523	0	0
2026.07.02	18:32:00	4127.71	4129.57	4127.15	4129.35	511	0	0
2026.07.02	18:33:00	4129.35	4130.81	4128.85	4129.78	520	0	0
2026.07.02	18:34:00	4129.78	4130.93	4128.20	4129.79	623	0	0
2026.07.02	18:35:00	4129.82	4131.02	4129.44	4129.63	457	0	0
2026.07.02	18:36:00	4129.63	4130.73	4129.39	4130.08	470	0	0
2026.07.02	18:37:00	4130.05	4130.52	4129.34	4130.45	425	0	0
2026.07.02	18:38:00	4130.45	4130.86	4129.33	4129.58	448	0	0
2026.07.02	18:39:00	4129.58	4129.82	4127.24	4127.54	488	0	0
2026.07.02	18:40:00	4127.54	4128.68	4125.68	4125.69	465	0	0
2026.07.02	18:41:00	4125.69	4127.91	4125.52	4127.33	402	0	0
2026.07.02	18:42:00	4127.34	4127.34	4125.69	4126.94	473	0	0
2026.07.02	18:43:00	4126.96	4127.55	4125.88	4126.41	466	0	0
2026.07.02	18:44:00	4126.41	4126.66	4124.68	4125.47	436	0	0
2026.07.02	18:45:00	4125.43	4128.43	4125.25	4128.38	527	0	0
2026.07.02	18:46:00	4128.38	4128.58	4126.99	4128.02	491	0	0
2026.07.02	18:47:00	4128.02	4129.41	4126.83	4128.45	518	0	0
2026.07.02	18:48:00	4128.45	4130.05	4128.35	4129.67	492	0	0
2026.07.02	18:49:00	4129.67	4129.85	4127.81	4128.73	401	0	0
2026.07.02	18:50:00	4128.74	4128.80	4126.80	4127.67	469	0	0
2026.07.02	18:51:00	4127.66	4127.66	4124.64	4124.80	642	0	0
2026.07.02	18:52:00	4124.80	4125.63	4124.50	4124.89	581	0	0
2026.07.02	18:53:00	4124.90	4125.70	4124.18	4125.48	520	0	0
2026.07.02	18:54:00	4125.52	4128.46	4124.93	4128.37	555	0	0
2026.07.02	18:55:00	4128.37	4128.75	4126.80	4127.10	699	0	0
2026.07.02	18:56:00	4127.20	4127.66	4125.64	4126.56	640	0	0
2026.07.02	18:57:00	4126.56	4127.20	4126.22	4127.18	503	0	0
2026.07.02	18:58:00	4127.18	4128.63	4127.01	4128.63	513	0	0
2026.07.02	18:59:00	4128.63	4129.42	4128.19	4128.48	370	0	0
2026.07.02	19:00:00	4128.48	4130.21	4127.90	4128.47	518	0	0
2026.07.02	19:01:00	4128.47	4129.41	4127.64	4127.99	516	0	0
2026.07.02	19:02:00	4127.99	4128.27	4124.89	4125.02	640	0	0
2026.07.02	19:03:00	4125.02	4126.56	4124.80	4125.90	523	0	0
2026.07.02	19:04:00	4125.90	4127.05	4125.68	4126.50	422	0	0
2026.07.02	19:05:00	4126.50	4127.48	4125.10	4125.26	627	0	0
2026.07.02	19:06:00	4125.26	4125.38	4123.61	4124.58	482	0	0
2026.07.02	19:07:00	4124.58	4125.59	4123.31	4123.70	514	0	0
2026.07.02	19:08:00	4123.71	4125.63	4123.68	4125.30	477	0	0
2026.07.02	19:09:00	4125.30	4125.53	4121.89	4122.60	500	0	0
2026.07.02	19:10:00	4122.61	4125.25	4122.61	4125.20	584	0	0
2026.07.02	19:11:00	4125.20	4126.22	4122.81	4123.11	463	0	0
2026.07.02	19:12:00	4123.11	4123.37	4122.12	4122.91	436	0	0
2026.07.02	19:13:00	4122.99	4123.48	4122.47	4122.80	420	0	0
2026.07.02	19:14:00	4122.80	4123.60	4122.08	4123.40	377	0	0
2026.07.02	19:15:00	4123.40	4123.78	4121.04	4121.07	432	0	0
2026.07.02	19:16:00	4121.07	4122.82	4121.07	4122.63	417	0	0
2026.07.02	19:17:00	4122.63	4122.63	4121.03	4121.31	432	0	0
2026.07.02	19:18:00	4121.37	4122.45	4121.37	4122.41	384	0	0
2026.07.02	19:19:00	4122.41	4123.92	4121.94	4123.45	441	0	0
2026.07.02	19:20:00	4123.45	4123.75	4122.04	4122.95	682	0	0
2026.07.02	19:21:00	4122.90	4123.03	4121.61	4122.17	620	0	0
2026.07.02	19:22:00	4122.24	4123.09	4121.82	4122.46	582	0	0
2026.07.02	19:23:00	4122.43	4122.49	4117.83	4117.91	586	0	0
2026.07.02	19:24:00	4117.88	4118.88	4116.08	4117.08	632	0	0
2026.07.02	19:25:00	4117.09	4119.36	4117.09	4118.54	659	0	0
2026.07.02	19:26:00	4118.54	4118.66	4117.16	4118.40	470	0	0
2026.07.02	19:27:00	4118.40	4118.43	4115.43	4115.83	546	0	0
2026.07.02	19:28:00	4115.84	4118.64	4115.84	4118.43	427	0	0
2026.07.02	19:29:00	4118.43	4118.60	4115.84	4116.35	467	0	0
2026.07.02	19:30:00	4116.35	4116.39	4106.64	4109.30	830	0	0
2026.07.02	19:31:00	4109.30	4110.00	4102.50	4104.94	733	0	0
2026.07.02	19:32:00	4104.94	4107.53	4104.51	4106.48	612	0	0
2026.07.02	19:33:00	4106.48	4108.04	4104.50	4105.21	610	0	0
2026.07.02	19:34:00	4105.21	4105.21	4102.01	4103.04	685	0	0
2026.07.02	19:35:00	4103.04	4105.87	4101.71	4105.87	668	0	0
2026.07.02	19:36:00	4106.02	4106.25	4101.49	4102.26	635	0	0
2026.07.02	19:37:00	4102.28	4102.44	4100.24	4101.84	641	0	0
2026.07.02	19:38:00	4101.86	4108.62	4101.86	4108.21	707	0	0
2026.07.02	19:39:00	4108.21	4110.70	4107.56	4110.37	491	0	0
2026.07.02	19:40:00	4110.37	4113.43	4109.71	4113.07	495	0	0
2026.07.02	19:41:00	4113.07	4115.08	4111.79	4113.42	550	0	0
2026.07.02	19:42:00	4113.42	4114.98	4113.09	4114.57	460	0	0
2026.07.02	19:43:00	4114.61	4116.89	4114.29	4115.37	537	0	0
2026.07.02	19:44:00	4115.35	4116.33	4114.71	4114.73	396	0	0
2026.07.02	19:45:00	4114.73	4115.25	4113.98	4114.61	479	0	0
2026.07.02	19:46:00	4114.69	4117.42	4114.69	4116.42	398	0	0
2026.07.02	19:47:00	4116.42	4117.27	4115.68	4116.70	337	0	0
2026.07.02	19:48:00	4116.76	4118.53	4116.01	4117.88	476	0	0
2026.07.02	19:49:00	4117.88	4117.93	4116.60	4117.65	494	0	0
2026.07.02	19:50:00	4117.65	4117.65	4114.95	4115.72	503	0	0
2026.07.02	19:51:00	4115.72	4118.79	4115.42	4117.99	497	0	0
2026.07.02	19:52:00	4117.99	4120.46	4117.91	4119.05	473	0	0
2026.07.02	19:53:00	4119.05	4119.27	4117.70	4119.12	392	0	0
2026.07.02	19:54:00	4119.12	4120.05	4117.34	4117.47	380	0	0
2026.07.02	19:55:00	4117.46	4117.69	4116.29	4116.76	368	0	0
2026.07.02	19:56:00	4116.76	4117.31	4115.93	4116.79	359	0	0
2026.07.02	19:57:00	4116.77	4119.13	4116.65	4118.40	357	0	0
2026.07.02	19:58:00	4118.44	4118.88	4117.75	4118.02	289	0	0
2026.07.02	19:59:00	4118.02	4118.20	4117.09	4118.15	340	0	0
2026.07.02	20:00:00	4118.17	4119.30	4117.48	4118.12	493	0	0
2026.07.02	20:01:00	4118.12	4118.48	4115.72	4116.53	444	0	0
2026.07.02	20:02:00	4116.53	4117.84	4115.87	4116.08	354	0	0
2026.07.02	20:03:00	4116.04	4116.48	4115.28	4115.86	398	0	0
2026.07.02	20:04:00	4115.86	4116.33	4114.13	4116.13	456	0	0
2026.07.02	20:05:00	4116.18	4116.18	4113.52	4115.31	485	0	0
2026.07.02	20:06:00	4115.35	4118.10	4115.28	4117.01	505	0	0
2026.07.02	20:07:00	4117.01	4119.84	4117.01	4118.26	530	0	0
2026.07.02	20:08:00	4118.26	4118.31	4116.27	4117.83	446	0	0
2026.07.02	20:09:00	4117.83	4118.37	4116.23	4116.82	406	0	0
2026.07.02	20:10:00	4116.82	4117.71	4115.17	4115.91	467	0	0
2026.07.02	20:11:00	4115.91	4117.15	4114.21	4116.84	535	0	0
2026.07.02	20:12:00	4116.83	4117.24	4115.77	4116.03	383	0	0
2026.07.02	20:13:00	4116.02	4117.43	4115.29	4117.42	478	0	0
2026.07.02	20:14:00	4117.42	4118.40	4116.40	4118.18	374	0	0
2026.07.02	20:15:00	4118.20	4119.36	4117.44	4118.59	434	0	0
2026.07.02	20:16:00	4118.61	4119.26	4118.21	4118.81	496	0	0
2026.07.02	20:17:00	4118.81	4119.83	4117.97	4118.17	387	0	0
2026.07.02	20:18:00	4118.18	4119.23	4117.22	4118.28	467	0	0
2026.07.02	20:19:00	4118.28	4118.32	4115.96	4116.65	426	0	0
2026.07.02	20:20:00	4116.65	4117.44	4115.40	4115.94	357	0	0
2026.07.02	20:21:00	4115.94	4116.26	4114.15	4115.18	386	0	0
2026.07.02	20:22:00	4115.18	4115.50	4114.32	4115.03	290	0	0
2026.07.02	20:23:00	4115.03	4116.10	4114.10	4114.18	465	0	0
2026.07.02	20:24:00	4114.18	4114.91	4111.65	4114.70	735	0	0
2026.07.02	20:25:00	4114.70	4115.52	4113.56	4114.26	477	0	0
2026.07.02	20:26:00	4114.26	4116.21	4114.02	4114.04	463	0	0
2026.07.02	20:27:00	4114.03	4115.20	4113.29	4115.03	355	0	0
2026.07.02	20:28:00	4115.05	4115.45	4113.53	4113.86	384	0	0
2026.07.02	20:29:00	4113.79	4115.33	4111.50	4112.61	577	0	0
2026.07.02	20:30:00	4112.49	4113.78	4111.55	4111.88	519	0	0
2026.07.02	20:31:00	4111.88	4112.41	4110.44	4111.20	516	0	0
2026.07.02	20:32:00	4111.20	4113.48	4111.12	4113.17	377	0	0
2026.07.02	20:33:00	4113.17	4114.53	4112.06	4112.69	500	0	0
2026.07.02	20:34:00	4112.69	4113.31	4111.43	4111.67	455	0	0
2026.07.02	20:35:00	4111.65	4113.34	4111.44	4112.28	464	0	0
2026.07.02	20:36:00	4112.28	4113.39	4110.36	4110.90	424	0	0
2026.07.02	20:37:00	4110.89	4111.17	4110.18	4110.82	386	0	0
2026.07.02	20:38:00	4110.82	4111.50	4108.51	4108.55	518	0	0
2026.07.02	20:39:00	4108.55	4109.46	4108.15	4109.34	374	0	0
2026.07.02	20:40:00	4109.28	4109.53	4107.52	4108.63	453	0	0
2026.07.02	20:41:00	4108.63	4109.59	4107.26	4109.32	447	0	0
2026.07.02	20:42:00	4109.19	4109.54	4107.94	4109.44	364	0	0
2026.07.02	20:43:00	4109.44	4109.44	4107.57	4108.00	364	0	0
2026.07.02	20:44:00	4108.00	4108.28	4105.90	4107.44	464	0	0
2026.07.02	20:45:00	4107.44	4107.56	4106.48	4107.40	391	0	0
2026.07.02	20:46:00	4107.40	4109.04	4107.30	4108.95	347	0	0
2026.07.02	20:47:00	4108.95	4108.97	4106.34	4107.77	356	0	0
2026.07.02	20:48:00	4107.77	4109.94	4107.19	4109.16	411	0	0
2026.07.02	20:49:00	4109.16	4109.63	4108.46	4109.38	340	0	0
2026.07.02	20:50:00	4109.38	4109.51	4107.83	4108.47	341	0	0
2026.07.02	20:51:00	4108.47	4108.50	4107.61	4108.31	366	0	0
2026.07.02	20:52:00	4108.31	4108.85	4106.65	4108.02	411	0	0
2026.07.02	20:53:00	4108.02	4109.31	4108.02	4108.69	419	0	0
2026.07.02	20:54:00	4108.69	4110.34	4108.62	4109.38	373	0	0
2026.07.02	20:55:00	4109.38	4110.19	4108.50	4108.50	241	0	0
2026.07.02	20:56:00	4108.50	4108.52	4107.34	4108.31	366	0	0
2026.07.02	20:57:00	4108.32	4108.76	4108.11	4108.20	279	0	0
2026.07.02	20:58:00	4108.20	4108.67	4106.55	4106.78	309	0	0
2026.07.02	20:59:00	4106.78	4106.96	4105.77	4106.81	273	0	0
2026.07.02	21:00:00	4106.81	4108.11	4105.90	4107.92	429	0	0
2026.07.02	21:01:00	4107.92	4109.04	4107.10	4108.09	435	0	0
2026.07.02	21:02:00	4108.09	4109.47	4108.09	4109.34	415	0	0
2026.07.02	21:03:00	4109.34	4111.75	4108.77	4111.13	360	0	0
2026.07.02	21:04:00	4111.09	4114.61	4111.07	4114.47	428	0	0
2026.07.02	21:05:00	4114.45	4116.97	4114.12	4116.63	410	0	0
2026.07.02	21:06:00	4116.63	4119.34	4116.22	4118.17	452	0	0
2026.07.02	21:07:00	4118.17	4121.09	4117.80	4121.06	456	0	0
2026.07.02	21:08:00	4121.06	4121.77	4119.66	4121.05	422	0	0
2026.07.02	21:09:00	4121.09	4122.98	4120.41	4122.47	439	0	0
2026.07.02	21:10:00	4122.47	4123.79	4121.32	4121.47	408	0	0
2026.07.02	21:11:00	4121.47	4123.17	4120.52	4120.68	394	0	0
2026.07.02	21:12:00	4120.68	4120.79	4118.81	4120.09	348	0	0
2026.07.02	21:13:00	4120.09	4120.71	4119.06	4120.04	372	0	0
2026.07.02	21:14:00	4120.03	4120.51	4118.62	4119.20	380	0	0
2026.07.02	21:15:00	4119.20	4119.81	4118.67	4119.67	379	0	0
2026.07.02	21:16:00	4119.81	4120.40	4118.47	4118.94	531	0	0
2026.07.02	21:17:00	4118.94	4118.94	4116.62	4116.71	402	0	0
2026.07.02	21:18:00	4116.71	4117.36	4115.56	4116.51	456	0	0
2026.07.02	21:19:00	4116.51	4117.27	4116.36	4117.01	340	0	0
2026.07.02	21:20:00	4117.01	4117.89	4116.47	4117.63	313	0	0
2026.07.02	21:21:00	4117.63	4117.63	4115.86	4116.55	379	0	0
2026.07.02	21:22:00	4116.53	4117.50	4116.16	4116.69	373	0	0
2026.07.02	21:23:00	4116.69	4116.99	4116.34	4116.98	314	0	0
2026.07.02	21:24:00	4116.98	4118.29	4116.94	4118.02	351	0	0
2026.07.02	21:25:00	4118.02	4119.87	4117.91	4119.53	381	0	0
2026.07.02	21:26:00	4119.53	4119.70	4118.59	4118.93	311	0	0
2026.07.02	21:27:00	4118.92	4120.34	4118.92	4119.91	317	0	0
2026.07.02	21:28:00	4119.91	4122.98	4119.91	4122.74	437	0	0
2026.07.02	21:29:00	4122.72	4123.18	4122.06	4123.12	555	0	0
2026.07.02	21:30:00	4123.12	4125.60	4122.84	4124.63	385	0	0
2026.07.02	21:31:00	4124.64	4126.40	4124.12	4126.38	370	0	0
2026.07.02	21:32:00	4126.30	4126.30	4124.27	4125.26	402	0	0
2026.07.02	21:33:00	4125.26	4127.04	4125.05	4126.25	414	0	0
2026.07.02	21:34:00	4126.25	4126.42	4124.59	4125.08	412	0	0
2026.07.02	21:35:00	4125.10	4125.30	4124.09	4124.50	390	0	0
2026.07.02	21:36:00	4124.47	4124.97	4124.18	4124.86	402	0	0
2026.07.02	21:37:00	4124.84	4125.65	4124.65	4125.24	340	0	0
2026.07.02	21:38:00	4125.24	4125.93	4124.59	4124.85	374	0	0
2026.07.02	21:39:00	4124.85	4125.07	4124.26	4124.83	349	0	0
2026.07.02	21:40:00	4124.83	4124.98	4124.07	4124.18	318	0	0
2026.07.02	21:41:00	4124.18	4124.83	4123.60	4123.60	318	0	0
2026.07.02	21:42:00	4123.62	4124.13	4122.54	4123.88	358	0	0
2026.07.02	21:43:00	4123.88	4124.20	4122.69	4122.69	336	0	0
2026.07.02	21:44:00	4122.73	4122.83	4121.26	4121.30	306	0	0
2026.07.02	21:45:00	4121.30	4121.54	4120.68	4121.02	326	0	0
2026.07.02	21:46:00	4121.03	4121.61	4120.03	4120.12	333	0	0
2026.07.02	21:47:00	4120.07	4121.04	4119.89	4120.95	358	0	0
2026.07.02	21:48:00	4120.95	4121.46	4120.09	4121.40	311	0	0
2026.07.02	21:49:00	4121.40	4122.23	4121.13	4122.14	242	0	0
2026.07.02	21:50:00	4122.14	4123.14	4121.60	4123.03	268	0	0
2026.07.02	21:51:00	4123.03	4123.55	4122.85	4123.42	281	0	0
2026.07.02	21:52:00	4123.42	4124.47	4123.12	4124.04	301	0	0
2026.07.02	21:53:00	4124.04	4124.20	4122.39	4122.50	311	0	0
2026.07.02	21:54:00	4122.50	4122.89	4121.08	4121.21	328	0	0
2026.07.02	21:55:00	4121.20	4122.41	4121.11	4122.22	304	0	0
2026.07.02	21:56:00	4122.22	4122.96	4120.74	4120.96	313	0	0
2026.07.02	21:57:00	4120.97	4122.48	4120.78	4122.17	357	0	0
2026.07.02	21:58:00	4122.17	4122.42	4121.72	4121.75	335	0	0
2026.07.02	21:59:00	4121.75	4122.73	4121.69	4122.65	292	0	0
2026.07.02	22:00:00	4122.65	4124.42	4122.15	4122.16	491	0	0
2026.07.02	22:01:00	4122.16	4123.21	4120.95	4123.15	353	0	0
2026.07.02	22:02:00	4123.15	4123.16	4122.15	4122.29	329	0	0
2026.07.02	22:03:00	4122.29	4123.13	4120.12	4120.17	346	0	0
2026.07.02	22:04:00	4120.17	4120.26	4117.91	4118.30	454	0	0
2026.07.02	22:05:00	4118.28	4119.03	4117.66	4118.18	532	0	0
2026.07.02	22:06:00	4118.18	4119.06	4117.39	4118.30	481	0	0
2026.07.02	22:07:00	4118.30	4119.77	4117.13	4117.67	377	0	0
2026.07.02	22:08:00	4117.67	4118.52	4117.36	4117.46	290	0	0
2026.07.02	22:09:00	4117.46	4117.69	4115.87	4117.05	334	0	0
2026.07.02	22:10:00	4117.05	4117.11	4115.58	4115.84	362	0	0
2026.07.02	22:11:00	4115.84	4115.85	4114.31	4115.16	313	0	0
2026.07.02	22:12:00	4115.18	4115.79	4114.00	4114.00	346	0	0
2026.07.02	22:13:00	4114.00	4115.07	4113.25	4114.39	346	0	0
2026.07.02	22:14:00	4114.39	4115.26	4114.29	4114.48	314	0	0
2026.07.02	22:15:00	4114.48	4114.96	4113.45	4114.05	282	0	0
2026.07.02	22:16:00	4114.05	4114.43	4112.64	4114.07	289	0	0
2026.07.02	22:17:00	4114.07	4114.30	4112.98	4113.02	256	0	0
2026.07.02	22:18:00	4113.02	4113.05	4111.64	4112.24	310	0	0
2026.07.02	22:19:00	4112.24	4112.68	4111.72	4111.84	361	0	0
2026.07.02	22:20:00	4111.83	4112.25	4111.41	4111.62	300	0	0
2026.07.02	22:21:00	4111.61	4111.82	4110.44	4110.44	310	0	0
2026.07.02	22:22:00	4110.43	4110.80	4108.57	4108.61	322	0	0
